STRUCTURE,STRUCTURE_ID,STRUCTURE_NAME,ACTION,REF_AREA,,FREQ,,MEASURE,,UNIT_MEASURE,,FINANCING_SCHEME,,FINANCING_SCHEME_REV,,FUNCTION,,MODE_PROVISION,,PROVIDER,,FACTOR_PROVISION,,ASSET_TYPE,,PRICE_BASE,,TIME_PERIOD,,OBS_VALUE,,BASE_PER,,CURRENCY,,OBS_STATUS,,OBS_STATUS2,,OBS_STATUS3,,UNIT_MULT,,DECIMALS,
DATAFLOW,OECD.ELS.HD:DSD_SHA@DF_SHA(1.0),,I,CHL,,A,,EXP_HEALTH,,PT_B1GQ,,_T,,_Z,,_T,,_T,,_T,,_Z,,_Z,,_Z,,2015,,8.351,,,,,,,,,,,,0,,1,
DATAFLOW,OECD.ELS.HD:DSD_SHA@DF_SHA(1.0),,I,CHL,,A,,EXP_HEALTH,,PT_B1GQ,,_T,,_Z,,_T,,_T,,_T,,_Z,,_Z,,_Z,,2016,,8.558,,,,,,,,,,,,0,,1,
DATAFLOW,OECD.ELS.HD:DSD_SHA@DF_SHA(1.0),,I,CHL,,A,,EXP_HEALTH,,PT_B1GQ,,_T,,_Z,,_T,,_T,,_T,,_Z,,_Z,,_Z,,2017,,9.091,,,,,,,,,,,,0,,1,
DATAFLOW,OECD.ELS.HD:DSD_SHA@DF_SHA(1.0),,I,CHL,,A,,EXP_HEALTH,,PT_B1GQ,,_T,,_Z,,_T,,_T,,_T,,_Z,,_Z,,_Z,,2018,,9.226,,,,,,,,,,,,0,,1,
DATAFLOW,OECD.ELS.HD:DSD_SHA@DF_SHA(1.0),,I,CHL,,A,,EXP_HEALTH,,PT_B1GQ,,_T,,_Z,,_T,,_T,,_T,,_Z,,_Z,,_Z,,2019,,9.363,,,,,,,,,,,,0,,1,
DATAFLOW,OECD.ELS.HD:DSD_SHA@DF_SHA(1.0),,I,CHL,,A,,EXP_HEALTH,,PT_B1GQ,,_T,,_Z,,_T,,_T,,_T,,_Z,,_Z,,_Z,,2020,,9.727,,,,,,,,,,,,0,,1,
DATAFLOW,OECD.ELS.HD:DSD_SHA@DF_SHA(1.0),,I,CHL,,A,,EXP_HEALTH,,PT_B1GQ,,_T,,_Z,,_T,,_T,,_T,,_Z,,_Z,,_Z,,2021,,9.343,,,,,,,,,,,,0,,1,
DATAFLOW,OECD.ELS.HD:DSD_SHA@DF_SHA(1.0),,I,CHL,,A,,EXP_HEALTH,,PT_B1GQ,,_T,,_Z,,_T,,_T,,_T,,_Z,,_Z,,_Z,,2022,,9.002,,,,,,P,,,,,,0,,1,
DATAFLOW,OECD.ELS.HD:DSD_SHA@DF_SHA(1.0),,I,BGR,,A,,EXP_HEALTH,,PT_B1GQ,,_T,,_Z,,_T,,_T,,_T,,_Z,,_Z,,_Z,,2015,,7.391,,,,,,,,,,,,0,,1,
DATAFLOW,OECD.ELS.HD:DSD_SHA@DF_SHA(1.0),,I,BGR,,A,,EXP_HEALTH,,PT_B1GQ,,_T,,_Z,,_T,,_T,,_T,,_Z,,_Z,,_Z,,2016,,7.457,,,,,,,,,,,,0,,1,
DATAFLOW,OECD.ELS.HD:DSD_SHA@DF_SHA(1.0),,I,BGR,,A,,EXP_HEALTH,,PT_B1GQ,,_T,,_Z,,_T,,_T,,_T,,_Z,,_Z,,_Z,,2017,,7.492,,,,,,,,,,,,0,,1,
DATAFLOW,OECD.ELS.HD:DSD_SHA@DF_SHA(1.0),,I,BGR,,A,,EXP_HEALTH,,PT_B1GQ,,_T,,_Z,,_T,,_T,,_T,,_Z,,_Z,,_Z,,2018,,7.329,,,,,,,,,,,,0,,1,
DATAFLOW,OECD.ELS.HD:DSD_SHA@DF_SHA(1.0),,I,BGR,,A,,EXP_HEALTH,,PT_B1GQ,,_T,,_Z,,_T,,_T,,_T,,_Z,,_Z,,_Z,,2019,,7.089,,,,,,,,,,,,0,,1,
DATAFLOW,OECD.ELS.HD:DSD_SHA@DF_SHA(1.0),,I,BGR,,A,,EXP_HEALTH,,PT_B1GQ,,_T,,_Z,,_T,,_T,,_T,,_Z,,_Z,,_Z,,2020,,8.478,,,,,,,,,,,,0,,1,
DATAFLOW,OECD.ELS.HD:DSD_SHA@DF_SHA(1.0),,I,BGR,,A,,EXP_HEALTH,,PT_B1GQ,,_T,,_Z,,_T,,_T,,_T,,_Z,,_Z,,_Z,,2021,,8.556,,,,,,,,,,,,0,,1,
DATAFLOW,OECD.ELS.HD:DSD_SHA@DF_SHA(1.0),,I,GBR,,A,,EXP_HEALTH,,PT_B1GQ,,_T,,_Z,,_T,,_T,,_T,,_Z,,_Z,,_Z,,2015,,9.798,,,,,,,,,,,,0,,1,
DATAFLOW,OECD.ELS.HD:DSD_SHA@DF_SHA(1.0),,I,GBR,,A,,EXP_HEALTH,,PT_B1GQ,,_T,,_Z,,_T,,_T,,_T,,_Z,,_Z,,_Z,,2016,,9.729,,,,,,,,,,,,0,,1,
DATAFLOW,OECD.ELS.HD:DSD_SHA@DF_SHA(1.0),,I,GBR,,A,,EXP_HEALTH,,PT_B1GQ,,_T,,_Z,,_T,,_T,,_T,,_Z,,_Z,,_Z,,2017,,9.596,,,,,,,,,,,,0,,1,
DATAFLOW,OECD.ELS.HD:DSD_SHA@DF_SHA(1.0),,I,GBR,,A,,EXP_HEALTH,,PT_B1GQ,,_T,,_Z,,_T,,_T,,_T,,_Z,,_Z,,_Z,,2018,,9.731,,,,,,,,,,,,0,,1,
DATAFLOW,OECD.ELS.HD:DSD_SHA@DF_SHA(1.0),,I,GBR,,A,,EXP_HEALTH,,PT_B1GQ,,_T,,_Z,,_T,,_T,,_T,,_Z,,_Z,,_Z,,2019,,9.958,,,,,,,,,,,,0,,1,
DATAFLOW,OECD.ELS.HD:DSD_SHA@DF_SHA(1.0),,I,GBR,,A,,EXP_HEALTH,,PT_B1GQ,,_T,,_Z,,_T,,_T,,_T,,_Z,,_Z,,_Z,,2020,,12.159,,,,,,,,,,,,0,,1,
DATAFLOW,OECD.ELS.HD:DSD_SHA@DF_SHA(1.0),,I,GBR,,A,,EXP_HEALTH,,PT_B1GQ,,_T,,_Z,,_T,,_T,,_T,,_Z,,_Z,,_Z,,2021,,12.365,,,,,,,,,,,,0,,1,
DATAFLOW,OECD.ELS.HD:DSD_SHA@DF_SHA(1.0),,I,GBR,,A,,EXP_HEALTH,,PT_B1GQ,,_T,,_Z,,_T,,_T,,_T,,_Z,,_Z,,_Z,,2022,,11.345,,,,,,P,,,,,,0,,1,
DATAFLOW,OECD.ELS.HD:DSD_SHA@DF_SHA(1.0),,I,COL,,A,,EXP_HEALTH,,PT_B1GQ,,_T,,_Z,,_T,,_T,,_T,,_Z,,_Z,,_Z,,2015,,7.523,,,,,,,,,,,,0,,1,
DATAFLOW,OECD.ELS.HD:DSD_SHA@DF_SHA(1.0),,I,COL,,A,,EXP_HEALTH,,PT_B1GQ,,_T,,_Z,,_T,,_T,,_T,,_Z,,_Z,,_Z,,2016,,7.531,,,,,,,,,,,,0,,1,
DATAFLOW,OECD.ELS.HD:DSD_SHA@DF_SHA(1.0),,I,COL,,A,,EXP_HEALTH,,PT_B1GQ,,_T,,_Z,,_T,,_T,,_T,,_Z,,_Z,,_Z,,2017,,7.679,,,,,,,,,,,,0,,1,
DATAFLOW,OECD.ELS.HD:DSD_SHA@DF_SHA(1.0),,I,COL,,A,,EXP_HEALTH,,PT_B1GQ,,_T,,_Z,,_T,,_T,,_T,,_Z,,_Z,,_Z,,2018,,7.625,,,,,,,,,,,,0,,1,
DATAFLOW,OECD.ELS.HD:DSD_SHA@DF_SHA(1.0),,I,COL,,A,,EXP_HEALTH,,PT_B1GQ,,_T,,_Z,,_T,,_T,,_T,,_Z,,_Z,,_Z,,2019,,7.78,,,,,,,,,,,,0,,1,
DATAFLOW,OECD.ELS.HD:DSD_SHA@DF_SHA(1.0),,I,COL,,A,,EXP_HEALTH,,PT_B1GQ,,_T,,_Z,,_T,,_T,,_T,,_Z,,_Z,,_Z,,2020,,8.714,,,,,,,,,,,,0,,1,
DATAFLOW,OECD.ELS.HD:DSD_SHA@DF_SHA(1.0),,I,COL,,A,,EXP_HEALTH,,PT_B1GQ,,_T,,_Z,,_T,,_T,,_T,,_Z,,_Z,,_Z,,2021,,9.018,,,,,,,,,,,,0,,1,
DATAFLOW,OECD.ELS.HD:DSD_SHA@DF_SHA(1.0),,I,COL,,A,,EXP_HEALTH,,PT_B1GQ,,_T,,_Z,,_T,,_T,,_T,,_Z,,_Z,,_Z,,2022,,8.068,,,,,,E,,,,,,0,,1,
DATAFLOW,OECD.ELS.HD:DSD_SHA@DF_SHA(1.0),,I,CRI,,A,,EXP_HEALTH,,PT_B1GQ,,_T,,_Z,,_T,,_T,,_T,,_Z,,_Z,,_Z,,2015,,7.592,,,,,,,,,,,,0,,1,
DATAFLOW,OECD.ELS.HD:DSD_SHA@DF_SHA(1.0),,I,CRI,,A,,EXP_HEALTH,,PT_B1GQ,,_T,,_Z,,_T,,_T,,_T,,_Z,,_Z,,_Z,,2016,,7.315,,,,,,,,,,,,0,,1,
DATAFLOW,OECD.ELS.HD:DSD_SHA@DF_SHA(1.0),,I,CRI,,A,,EXP_HEALTH,,PT_B1GQ,,_T,,_Z,,_T,,_T,,_T,,_Z,,_Z,,_Z,,2017,,7.045,,,,,,,,,,,,0,,1,
DATAFLOW,OECD.ELS.HD:DSD_SHA@DF_SHA(1.0),,I,CRI,,A,,EXP_HEALTH,,PT_B1GQ,,_T,,_Z,,_T,,_T,,_T,,_Z,,_Z,,_Z,,2018,,7.286,,,,,,B,,,,,,0,,1,
DATAFLOW,OECD.ELS.HD:DSD_SHA@DF_SHA(1.0),,I,CRI,,A,,EXP_HEALTH,,PT_B1GQ,,_T,,_Z,,_T,,_T,,_T,,_Z,,_Z,,_Z,,2019,,7.221,,,,,,,,,,,,0,,1,
DATAFLOW,OECD.ELS.HD:DSD_SHA@DF_SHA(1.0),,I,CRI,,A,,EXP_HEALTH,,PT_B1GQ,,_T,,_Z,,_T,,_T,,_T,,_Z,,_Z,,_Z,,2020,,7.825,,,,,,,,,,,,0,,1,
DATAFLOW,OECD.ELS.HD:DSD_SHA@DF_SHA(1.0),,I,CRI,,A,,EXP_HEALTH,,PT_B1GQ,,_T,,_Z,,_T,,_T,,_T,,_Z,,_Z,,_Z,,2021,,7.569,,,,,,,,,,,,0,,1,
DATAFLOW,OECD.ELS.HD:DSD_SHA@DF_SHA(1.0),,I,CRI,,A,,EXP_HEALTH,,PT_B1GQ,,_T,,_Z,,_T,,_T,,_T,,_Z,,_Z,,_Z,,2022,,7.168,,,,,,E,,,,,,0,,1,
DATAFLOW,OECD.ELS.HD:DSD_SHA@DF_SHA(1.0),,I,ZAF,,A,,EXP_HEALTH,,PT_B1GQ,,_T,,_Z,,_T,,_T,,_T,,_Z,,_Z,,_Z,,2015,,8.053,,,,,,,,,,,,0,,1,
DATAFLOW,OECD.ELS.HD:DSD_SHA@DF_SHA(1.0),,I,ZAF,,A,,EXP_HEALTH,,PT_B1GQ,,_T,,_Z,,_T,,_T,,_T,,_Z,,_Z,,_Z,,2016,,8.08,,,,,,,,,,,,0,,1,
DATAFLOW,OECD.ELS.HD:DSD_SHA@DF_SHA(1.0),,I,ZAF,,A,,EXP_HEALTH,,PT_B1GQ,,_T,,_Z,,_T,,_T,,_T,,_Z,,_Z,,_Z,,2017,,7.977,,,,,,,,,,,,0,,1,
DATAFLOW,OECD.ELS.HD:DSD_SHA@DF_SHA(1.0),,I,ZAF,,A,,EXP_HEALTH,,PT_B1GQ,,_T,,_Z,,_T,,_T,,_T,,_Z,,_Z,,_Z,,2018,,8.077,,,,,,,,,,,,0,,1,
DATAFLOW,OECD.ELS.HD:DSD_SHA@DF_SHA(1.0),,I,ZAF,,A,,EXP_HEALTH,,PT_B1GQ,,_T,,_Z,,_T,,_T,,_T,,_Z,,_Z,,_Z,,2019,,8.23,,,,,,,,,,,,0,,1,
DATAFLOW,OECD.ELS.HD:DSD_SHA@DF_SHA(1.0),,I,ZAF,,A,,EXP_HEALTH,,PT_B1GQ,,_T,,_Z,,_T,,_T,,_T,,_Z,,_Z,,_Z,,2020,,8.528,,,,,,,,,,,,0,,1,
DATAFLOW,OECD.ELS.HD:DSD_SHA@DF_SHA(1.0),,I,NLD,,A,,EXP_HEALTH,,PT_B1GQ,,_T,,_Z,,_T,,_T,,_T,,_Z,,_Z,,_Z,,2015,,10.324,,,,,,,,,,,,0,,1,
DATAFLOW,OECD.ELS.HD:DSD_SHA@DF_SHA(1.0),,I,NLD,,A,,EXP_HEALTH,,PT_B1GQ,,_T,,_Z,,_T,,_T,,_T,,_Z,,_Z,,_Z,,2016,,10.294,,,,,,,,,,,,0,,1,
DATAFLOW,OECD.ELS.HD:DSD_SHA@DF_SHA(1.0),,I,NLD,,A,,EXP_HEALTH,,PT_B1GQ,,_T,,_Z,,_T,,_T,,_T,,_Z,,_Z,,_Z,,2017,,10.108,,,,,,,,,,,,0,,1,
DATAFLOW,OECD.ELS.HD:DSD_SHA@DF_SHA(1.0),,I,NLD,,A,,EXP_HEALTH,,PT_B1GQ,,_T,,_Z,,_T,,_T,,_T,,_Z,,_Z,,_Z,,2018,,10.02,,,,,,,,,,,,0,,1,
DATAFLOW,OECD.ELS.HD:DSD_SHA@DF_SHA(1.0),,I,NLD,,A,,EXP_HEALTH,,PT_B1GQ,,_T,,_Z,,_T,,_T,,_T,,_Z,,_Z,,_Z,,2019,,10.14,,,,,,,,,,,,0,,1,
DATAFLOW,OECD.ELS.HD:DSD_SHA@DF_SHA(1.0),,I,NLD,,A,,EXP_HEALTH,,PT_B1GQ,,_T,,_Z,,_T,,_T,,_T,,_Z,,_Z,,_Z,,2020,,11.209,,,,,,,,,,,,0,,1,
DATAFLOW,OECD.ELS.HD:DSD_SHA@DF_SHA(1.0),,I,NLD,,A,,EXP_HEALTH,,PT_B1GQ,,_T,,_Z,,_T,,_T,,_T,,_Z,,_Z,,_Z,,2021,,11.294,,,,,,,,,,,,0,,1,
DATAFLOW,OECD.ELS.HD:DSD_SHA@DF_SHA(1.0),,I,NLD,,A,,EXP_HEALTH,,PT_B1GQ,,_T,,_Z,,_T,,_T,,_T,,_Z,,_Z,,_Z,,2022,,10.203,,,,,,P,,,,,,0,,1,
DATAFLOW,OECD.ELS.HD:DSD_SHA@DF_SHA(1.0),,I,KOR,,A,,EXP_HEALTH,,PT_B1GQ,,_T,,_Z,,_T,,_T,,_T,,_Z,,_Z,,_Z,,2015,,6.589,,,,,,,,,,,,0,,1,
DATAFLOW,OECD.ELS.HD:DSD_SHA@DF_SHA(1.0),,I,KOR,,A,,EXP_HEALTH,,PT_B1GQ,,_T,,_Z,,_T,,_T,,_T,,_Z,,_Z,,_Z,,2016,,6.87,,,,,,,,,,,,0,,1,
DATAFLOW,OECD.ELS.HD:DSD_SHA@DF_SHA(1.0),,I,KOR,,A,,EXP_HEALTH,,PT_B1GQ,,_T,,_Z,,_T,,_T,,_T,,_Z,,_Z,,_Z,,2017,,7.047,,,,,,,,,,,,0,,1,
DATAFLOW,OECD.ELS.HD:DSD_SHA@DF_SHA(1.0),,I,KOR,,A,,EXP_HEALTH,,PT_B1GQ,,_T,,_Z,,_T,,_T,,_T,,_Z,,_Z,,_Z,,2018,,7.491,,,,,,,,,,,,0,,1,
DATAFLOW,OECD.ELS.HD:DSD_SHA@DF_SHA(1.0),,I,KOR,,A,,EXP_HEALTH,,PT_B1GQ,,_T,,_Z,,_T,,_T,,_T,,_Z,,_Z,,_Z,,2019,,8.175,,,,,,,,,,,,0,,1,
DATAFLOW,OECD.ELS.HD:DSD_SHA@DF_SHA(1.0),,I,KOR,,A,,EXP_HEALTH,,PT_B1GQ,,_T,,_Z,,_T,,_T,,_T,,_Z,,_Z,,_Z,,2020,,8.35,,,,,,,,,,,,0,,1,
DATAFLOW,OECD.ELS.HD:DSD_SHA@DF_SHA(1.0),,I,KOR,,A,,EXP_HEALTH,,PT_B1GQ,,_T,,_Z,,_T,,_T,,_T,,_Z,,_Z,,_Z,,2021,,9.331,,,,,,,,,,,,0,,1,
DATAFLOW,OECD.ELS.HD:DSD_SHA@DF_SHA(1.0),,I,KOR,,A,,EXP_HEALTH,,PT_B1GQ,,_T,,_Z,,_T,,_T,,_T,,_Z,,_Z,,_Z,,2022,,9.72,,,,,,P,,,,,,0,,1,
DATAFLOW,OECD.ELS.HD:DSD_SHA@DF_SHA(1.0),,I,PRT,,A,,EXP_HEALTH,,PT_B1GQ,,_T,,_Z,,_T,,_T,,_T,,_Z,,_Z,,_Z,,2015,,9.316,,,,,,,,,,,,0,,1,
DATAFLOW,OECD.ELS.HD:DSD_SHA@DF_SHA(1.0),,I,PRT,,A,,EXP_HEALTH,,PT_B1GQ,,_T,,_Z,,_T,,_T,,_T,,_Z,,_Z,,_Z,,2016,,9.394,,,,,,,,,,,,0,,1,
DATAFLOW,OECD.ELS.HD:DSD_SHA@DF_SHA(1.0),,I,PRT,,A,,EXP_HEALTH,,PT_B1GQ,,_T,,_Z,,_T,,_T,,_T,,_Z,,_Z,,_Z,,2017,,9.306,,,,,,,,,,,,0,,1,
DATAFLOW,OECD.ELS.HD:DSD_SHA@DF_SHA(1.0),,I,PRT,,A,,EXP_HEALTH,,PT_B1GQ,,_T,,_Z,,_T,,_T,,_T,,_Z,,_Z,,_Z,,2018,,9.413,,,,,,,,,,,,0,,1,
DATAFLOW,OECD.ELS.HD:DSD_SHA@DF_SHA(1.0),,I,PRT,,A,,EXP_HEALTH,,PT_B1GQ,,_T,,_Z,,_T,,_T,,_T,,_Z,,_Z,,_Z,,2019,,9.514,,,,,,,,,,,,0,,1,
DATAFLOW,OECD.ELS.HD:DSD_SHA@DF_SHA(1.0),,I,PRT,,A,,EXP_HEALTH,,PT_B1GQ,,_T,,_Z,,_T,,_T,,_T,,_Z,,_Z,,_Z,,2020,,10.548,,,,,,,,,,,,0,,1,
DATAFLOW,OECD.ELS.HD:DSD_SHA@DF_SHA(1.0),,I,PRT,,A,,EXP_HEALTH,,PT_B1GQ,,_T,,_Z,,_T,,_T,,_T,,_Z,,_Z,,_Z,,2021,,11.137,,,,,,,,,,,,0,,1,
DATAFLOW,OECD.ELS.HD:DSD_SHA@DF_SHA(1.0),,I,PRT,,A,,EXP_HEALTH,,PT_B1GQ,,_T,,_Z,,_T,,_T,,_T,,_Z,,_Z,,_Z,,2022,,10.624,,,,,,P,,,,,,0,,1,
DATAFLOW,OECD.ELS.HD:DSD_SHA@DF_SHA(1.0),,I,MEX,,A,,EXP_HEALTH,,PT_B1GQ,,_T,,_Z,,_T,,_T,,_T,,_Z,,_Z,,_Z,,2015,,5.723,,,,,,,,,,,,0,,1,
DATAFLOW,OECD.ELS.HD:DSD_SHA@DF_SHA(1.0),,I,MEX,,A,,EXP_HEALTH,,PT_B1GQ,,_T,,_Z,,_T,,_T,,_T,,_Z,,_Z,,_Z,,2016,,5.553,,,,,,,,,,,,0,,1,
DATAFLOW,OECD.ELS.HD:DSD_SHA@DF_SHA(1.0),,I,MEX,,A,,EXP_HEALTH,,PT_B1GQ,,_T,,_Z,,_T,,_T,,_T,,_Z,,_Z,,_Z,,2017,,5.458,,,,,,,,,,,,0,,1,
DATAFLOW,OECD.ELS.HD:DSD_SHA@DF_SHA(1.0),,I,MEX,,A,,EXP_HEALTH,,PT_B1GQ,,_T,,_Z,,_T,,_T,,_T,,_Z,,_Z,,_Z,,2018,,5.383,,,,,,,,,,,,0,,1,
DATAFLOW,OECD.ELS.HD:DSD_SHA@DF_SHA(1.0),,I,MEX,,A,,EXP_HEALTH,,PT_B1GQ,,_T,,_Z,,_T,,_T,,_T,,_Z,,_Z,,_Z,,2019,,5.448,,,,,,,,,,,,0,,1,
DATAFLOW,OECD.ELS.HD:DSD_SHA@DF_SHA(1.0),,I,MEX,,A,,EXP_HEALTH,,PT_B1GQ,,_T,,_Z,,_T,,_T,,_T,,_Z,,_Z,,_Z,,2020,,6.222,,,,,,,,,,,,0,,1,
DATAFLOW,OECD.ELS.HD:DSD_SHA@DF_SHA(1.0),,I,MEX,,A,,EXP_HEALTH,,PT_B1GQ,,_T,,_Z,,_T,,_T,,_T,,_Z,,_Z,,_Z,,2021,,6.079,,,,,,,,,,,,0,,1,
DATAFLOW,OECD.ELS.HD:DSD_SHA@DF_SHA(1.0),,I,MEX,,A,,EXP_HEALTH,,PT_B1GQ,,_T,,_Z,,_T,,_T,,_T,,_Z,,_Z,,_Z,,2022,,5.483,,,,,,E,,,,,,0,,1,
DATAFLOW,OECD.ELS.HD:DSD_SHA@DF_SHA(1.0),,I,MLT,,A,,EXP_HEALTH,,PT_B1GQ,,_T,,_Z,,_T,,_T,,_T,,_Z,,_Z,,_Z,,2015,,8.898,,,,,,,,,,,,0,,1,
DATAFLOW,OECD.ELS.HD:DSD_SHA@DF_SHA(1.0),,I,MLT,,A,,EXP_HEALTH,,PT_B1GQ,,_T,,_Z,,_T,,_T,,_T,,_Z,,_Z,,_Z,,2016,,8.966,,,,,,,,,,,,0,,1,
DATAFLOW,OECD.ELS.HD:DSD_SHA@DF_SHA(1.0),,I,MLT,,A,,EXP_HEALTH,,PT_B1GQ,,_T,,_Z,,_T,,_T,,_T,,_Z,,_Z,,_Z,,2017,,8.731,,,,,,,,,,,,0,,1,
DATAFLOW,OECD.ELS.HD:DSD_SHA@DF_SHA(1.0),,I,MLT,,A,,EXP_HEALTH,,PT_B1GQ,,_T,,_Z,,_T,,_T,,_T,,_Z,,_Z,,_Z,,2018,,8.567,,,,,,,,,,,,0,,1,
DATAFLOW,OECD.ELS.HD:DSD_SHA@DF_SHA(1.0),,I,MLT,,A,,EXP_HEALTH,,PT_B1GQ,,_T,,_Z,,_T,,_T,,_T,,_Z,,_Z,,_Z,,2019,,9.148,,,,,,,,,,,,0,,1,
DATAFLOW,OECD.ELS.HD:DSD_SHA@DF_SHA(1.0),,I,MLT,,A,,EXP_HEALTH,,PT_B1GQ,,_T,,_Z,,_T,,_T,,_T,,_Z,,_Z,,_Z,,2020,,10.747,,,,,,,,,,,,0,,1,
DATAFLOW,OECD.ELS.HD:DSD_SHA@DF_SHA(1.0),,I,AUT,,A,,EXP_HEALTH,,PT_B1GQ,,_T,,_Z,,_T,,_T,,_T,,_Z,,_Z,,_Z,,2015,,10.368,,,,,,,,,,,,0,,1,
DATAFLOW,OECD.ELS.HD:DSD_SHA@DF_SHA(1.0),,I,AUT,,A,,EXP_HEALTH,,PT_B1GQ,,_T,,_Z,,_T,,_T,,_T,,_Z,,_Z,,_Z,,2016,,10.352,,,,,,,,,,,,0,,1,
DATAFLOW,OECD.ELS.HD:DSD_SHA@DF_SHA(1.0),,I,AUT,,A,,EXP_HEALTH,,PT_B1GQ,,_T,,_Z,,_T,,_T,,_T,,_Z,,_Z,,_Z,,2017,,10.384,,,,,,,,,,,,0,,1,
DATAFLOW,OECD.ELS.HD:DSD_SHA@DF_SHA(1.0),,I,AUT,,A,,EXP_HEALTH,,PT_B1GQ,,_T,,_Z,,_T,,_T,,_T,,_Z,,_Z,,_Z,,2018,,10.349,,,,,,,,,,,,0,,1,
DATAFLOW,OECD.ELS.HD:DSD_SHA@DF_SHA(1.0),,I,AUT,,A,,EXP_HEALTH,,PT_B1GQ,,_T,,_Z,,_T,,_T,,_T,,_Z,,_Z,,_Z,,2019,,10.487,,,,,,,,,,,,0,,1,
DATAFLOW,OECD.ELS.HD:DSD_SHA@DF_SHA(1.0),,I,AUT,,A,,EXP_HEALTH,,PT_B1GQ,,_T,,_Z,,_T,,_T,,_T,,_Z,,_Z,,_Z,,2020,,11.385,,,,,,,,,,,,0,,1,
DATAFLOW,OECD.ELS.HD:DSD_SHA@DF_SHA(1.0),,I,AUT,,A,,EXP_HEALTH,,PT_B1GQ,,_T,,_Z,,_T,,_T,,_T,,_Z,,_Z,,_Z,,2021,,12.096,,,,,,,,,,,,0,,1,
DATAFLOW,OECD.ELS.HD:DSD_SHA@DF_SHA(1.0),,I,AUT,,A,,EXP_HEALTH,,PT_B1GQ,,_T,,_Z,,_T,,_T,,_T,,_Z,,_Z,,_Z,,2022,,11.351,,,,,,P,,,,,,0,,1,
DATAFLOW,OECD.ELS.HD:DSD_SHA@DF_SHA(1.0),,I,CHE,,A,,EXP_HEALTH,,PT_B1GQ,,_T,,_Z,,_T,,_T,,_T,,_Z,,_Z,,_Z,,2015,,10.779,,,,,,,,,,,,0,,1,
DATAFLOW,OECD.ELS.HD:DSD_SHA@DF_SHA(1.0),,I,CHE,,A,,EXP_HEALTH,,PT_B1GQ,,_T,,_Z,,_T,,_T,,_T,,_Z,,_Z,,_Z,,2016,,10.99,,,,,,,,,,,,0,,1,
DATAFLOW,OECD.ELS.HD:DSD_SHA@DF_SHA(1.0),,I,CHE,,A,,EXP_HEALTH,,PT_B1GQ,,_T,,_Z,,_T,,_T,,_T,,_Z,,_Z,,_Z,,2017,,11.045,,,,,,,,,,,,0,,1,
DATAFLOW,OECD.ELS.HD:DSD_SHA@DF_SHA(1.0),,I,CHE,,A,,EXP_HEALTH,,PT_B1GQ,,_T,,_Z,,_T,,_T,,_T,,_Z,,_Z,,_Z,,2018,,10.772,,,,,,,,,,,,0,,1,
DATAFLOW,OECD.ELS.HD:DSD_SHA@DF_SHA(1.0),,I,CHE,,A,,EXP_HEALTH,,PT_B1GQ,,_T,,_Z,,_T,,_T,,_T,,_Z,,_Z,,_Z,,2019,,11.064,,,,,,,,,,,,0,,1,
DATAFLOW,OECD.ELS.HD:DSD_SHA@DF_SHA(1.0),,I,CHE,,A,,EXP_HEALTH,,PT_B1GQ,,_T,,_Z,,_T,,_T,,_T,,_Z,,_Z,,_Z,,2020,,11.732,,,,,,,,,,,,0,,1,
DATAFLOW,OECD.ELS.HD:DSD_SHA@DF_SHA(1.0),,I,CHE,,A,,EXP_HEALTH,,PT_B1GQ,,_T,,_Z,,_T,,_T,,_T,,_Z,,_Z,,_Z,,2021,,11.801,,,,,,,,,,,,0,,1,
DATAFLOW,OECD.ELS.HD:DSD_SHA@DF_SHA(1.0),,I,CHE,,A,,EXP_HEALTH,,PT_B1GQ,,_T,,_Z,,_T,,_T,,_T,,_Z,,_Z,,_Z,,2022,,11.339,,,,,,E,,,,,,0,,1,
DATAFLOW,OECD.ELS.HD:DSD_SHA@DF_SHA(1.0),,I,LTU,,A,,EXP_HEALTH,,PT_B1GQ,,_T,,_Z,,_T,,_T,,_T,,_Z,,_Z,,_Z,,2015,,6.49,,,,,,,,,,,,0,,1,
DATAFLOW,OECD.ELS.HD:DSD_SHA@DF_SHA(1.0),,I,LTU,,A,,EXP_HEALTH,,PT_B1GQ,,_T,,_Z,,_T,,_T,,_T,,_Z,,_Z,,_Z,,2016,,6.638,,,,,,,,,,,,0,,1,
DATAFLOW,OECD.ELS.HD:DSD_SHA@DF_SHA(1.0),,I,LTU,,A,,EXP_HEALTH,,PT_B1GQ,,_T,,_Z,,_T,,_T,,_T,,_Z,,_Z,,_Z,,2017,,6.464,,,,,,,,,,,,0,,1,
DATAFLOW,OECD.ELS.HD:DSD_SHA@DF_SHA(1.0),,I,LTU,,A,,EXP_HEALTH,,PT_B1GQ,,_T,,_Z,,_T,,_T,,_T,,_Z,,_Z,,_Z,,2018,,6.53,,,,,,,,,,,,0,,1,
DATAFLOW,OECD.ELS.HD:DSD_SHA@DF_SHA(1.0),,I,LTU,,A,,EXP_HEALTH,,PT_B1GQ,,_T,,_Z,,_T,,_T,,_T,,_Z,,_Z,,_Z,,2019,,6.991,,,,,,,,,,,,0,,1,
DATAFLOW,OECD.ELS.HD:DSD_SHA@DF_SHA(1.0),,I,LTU,,A,,EXP_HEALTH,,PT_B1GQ,,_T,,_Z,,_T,,_T,,_T,,_Z,,_Z,,_Z,,2020,,7.481,,,,,,,,,,,,0,,1,
DATAFLOW,OECD.ELS.HD:DSD_SHA@DF_SHA(1.0),,I,LTU,,A,,EXP_HEALTH,,PT_B1GQ,,_T,,_Z,,_T,,_T,,_T,,_Z,,_Z,,_Z,,2021,,7.823,,,,,,,,,,,,0,,1,
DATAFLOW,OECD.ELS.HD:DSD_SHA@DF_SHA(1.0),,I,LTU,,A,,EXP_HEALTH,,PT_B1GQ,,_T,,_Z,,_T,,_T,,_T,,_Z,,_Z,,_Z,,2022,,7.462,,,,,,P,,,,,,0,,1,
DATAFLOW,OECD.ELS.HD:DSD_SHA@DF_SHA(1.0),,I,EST,,A,,EXP_HEALTH,,PT_B1GQ,,_T,,_Z,,_T,,_T,,_T,,_Z,,_Z,,_Z,,2015,,6.641,,,,,,,,,,,,0,,1,
DATAFLOW,OECD.ELS.HD:DSD_SHA@DF_SHA(1.0),,I,EST,,A,,EXP_HEALTH,,PT_B1GQ,,_T,,_Z,,_T,,_T,,_T,,_Z,,_Z,,_Z,,2016,,6.702,,,,,,,,,,,,0,,1,
DATAFLOW,OECD.ELS.HD:DSD_SHA@DF_SHA(1.0),,I,EST,,A,,EXP_HEALTH,,PT_B1GQ,,_T,,_Z,,_T,,_T,,_T,,_Z,,_Z,,_Z,,2017,,6.597,,,,,,,,,,,,0,,1,
DATAFLOW,OECD.ELS.HD:DSD_SHA@DF_SHA(1.0),,I,EST,,A,,EXP_HEALTH,,PT_B1GQ,,_T,,_Z,,_T,,_T,,_T,,_Z,,_Z,,_Z,,2018,,6.691,,,,,,,,,,,,0,,1,
DATAFLOW,OECD.ELS.HD:DSD_SHA@DF_SHA(1.0),,I,EST,,A,,EXP_HEALTH,,PT_B1GQ,,_T,,_Z,,_T,,_T,,_T,,_Z,,_Z,,_Z,,2019,,6.817,,,,,,,,,,,,0,,1,
DATAFLOW,OECD.ELS.HD:DSD_SHA@DF_SHA(1.0),,I,EST,,A,,EXP_HEALTH,,PT_B1GQ,,_T,,_Z,,_T,,_T,,_T,,_Z,,_Z,,_Z,,2020,,7.579,,,,,,,,,,,,0,,1,
DATAFLOW,OECD.ELS.HD:DSD_SHA@DF_SHA(1.0),,I,EST,,A,,EXP_HEALTH,,PT_B1GQ,,_T,,_Z,,_T,,_T,,_T,,_Z,,_Z,,_Z,,2021,,7.491,,,,,,,,,,,,0,,1,
DATAFLOW,OECD.ELS.HD:DSD_SHA@DF_SHA(1.0),,I,EST,,A,,EXP_HEALTH,,PT_B1GQ,,_T,,_Z,,_T,,_T,,_T,,_Z,,_Z,,_Z,,2022,,6.943,,,,,,P,,,,,,0,,1,
DATAFLOW,OECD.ELS.HD:DSD_SHA@DF_SHA(1.0),,I,NZL,,A,,EXP_HEALTH,,PT_B1GQ,,_T,,_Z,,_T,,_T,,_T,,_Z,,_Z,,_Z,,2015,,9.283,,,,,,P,,,,,,0,,1,
DATAFLOW,OECD.ELS.HD:DSD_SHA@DF_SHA(1.0),,I,NZL,,A,,EXP_HEALTH,,PT_B1GQ,,_T,,_Z,,_T,,_T,,_T,,_Z,,_Z,,_Z,,2016,,9.244,,,,,,P,,,,,,0,,1,
DATAFLOW,OECD.ELS.HD:DSD_SHA@DF_SHA(1.0),,I,NZL,,A,,EXP_HEALTH,,PT_B1GQ,,_T,,_Z,,_T,,_T,,_T,,_Z,,_Z,,_Z,,2017,,8.97,,,,,,P,,,,,,0,,1,
DATAFLOW,OECD.ELS.HD:DSD_SHA@DF_SHA(1.0),,I,NZL,,A,,EXP_HEALTH,,PT_B1GQ,,_T,,_Z,,_T,,_T,,_T,,_Z,,_Z,,_Z,,2018,,9.038,,,,,,P,,,,,,0,,1,
DATAFLOW,OECD.ELS.HD:DSD_SHA@DF_SHA(1.0),,I,NZL,,A,,EXP_HEALTH,,PT_B1GQ,,_T,,_Z,,_T,,_T,,_T,,_Z,,_Z,,_Z,,2019,,9.069,,,,,,E,,,,,,0,,1,
DATAFLOW,OECD.ELS.HD:DSD_SHA@DF_SHA(1.0),,I,NZL,,A,,EXP_HEALTH,,PT_B1GQ,,_T,,_Z,,_T,,_T,,_T,,_Z,,_Z,,_Z,,2020,,9.689,,,,,,E,,,,,,0,,1,
DATAFLOW,OECD.ELS.HD:DSD_SHA@DF_SHA(1.0),,I,NZL,,A,,EXP_HEALTH,,PT_B1GQ,,_T,,_Z,,_T,,_T,,_T,,_Z,,_Z,,_Z,,2021,,10.125,,,,,,E,,,,,,0,,1,
DATAFLOW,OECD.ELS.HD:DSD_SHA@DF_SHA(1.0),,I,NZL,,A,,EXP_HEALTH,,PT_B1GQ,,_T,,_Z,,_T,,_T,,_T,,_Z,,_Z,,_Z,,2022,,11.208,,,,,,E,,,,,,0,,1,
DATAFLOW,OECD.ELS.HD:DSD_SHA@DF_SHA(1.0),,I,NOR,,A,,EXP_HEALTH,,PT_B1GQ,,_T,,_Z,,_T,,_T,,_T,,_Z,,_Z,,_Z,,2015,,10.07,,,,,,,,,,,,0,,1,
DATAFLOW,OECD.ELS.HD:DSD_SHA@DF_SHA(1.0),,I,NOR,,A,,EXP_HEALTH,,PT_B1GQ,,_T,,_Z,,_T,,_T,,_T,,_Z,,_Z,,_Z,,2016,,10.53,,,,,,,,,,,,0,,1,
DATAFLOW,OECD.ELS.HD:DSD_SHA@DF_SHA(1.0),,I,NOR,,A,,EXP_HEALTH,,PT_B1GQ,,_T,,_Z,,_T,,_T,,_T,,_Z,,_Z,,_Z,,2017,,10.23,,,,,,,,,,,,0,,1,
DATAFLOW,OECD.ELS.HD:DSD_SHA@DF_SHA(1.0),,I,NOR,,A,,EXP_HEALTH,,PT_B1GQ,,_T,,_Z,,_T,,_T,,_T,,_Z,,_Z,,_Z,,2018,,9.96,,,,,,,,,,,,0,,1,
DATAFLOW,OECD.ELS.HD:DSD_SHA@DF_SHA(1.0),,I,NOR,,A,,EXP_HEALTH,,PT_B1GQ,,_T,,_Z,,_T,,_T,,_T,,_Z,,_Z,,_Z,,2019,,10.438,,,,,,,,,,,,0,,1,
DATAFLOW,OECD.ELS.HD:DSD_SHA@DF_SHA(1.0),,I,NOR,,A,,EXP_HEALTH,,PT_B1GQ,,_T,,_Z,,_T,,_T,,_T,,_Z,,_Z,,_Z,,2020,,11.249,,,,,,,,,,,,0,,1,
DATAFLOW,OECD.ELS.HD:DSD_SHA@DF_SHA(1.0),,I,NOR,,A,,EXP_HEALTH,,PT_B1GQ,,_T,,_Z,,_T,,_T,,_T,,_Z,,_Z,,_Z,,2021,,9.919,,,,,,P,,,,,,0,,1,
DATAFLOW,OECD.ELS.HD:DSD_SHA@DF_SHA(1.0),,I,NOR,,A,,EXP_HEALTH,,PT_B1GQ,,_T,,_Z,,_T,,_T,,_T,,_Z,,_Z,,_Z,,2022,,7.92,,,,,,E,,,,,,0,,1,
DATAFLOW,OECD.ELS.HD:DSD_SHA@DF_SHA(1.0),,I,LUX,,A,,EXP_HEALTH,,PT_B1GQ,,_T,,_Z,,_T,,_T,,_T,,_Z,,_Z,,_Z,,2015,,5.081,,,,,,,,,,,,0,,1,
DATAFLOW,OECD.ELS.HD:DSD_SHA@DF_SHA(1.0),,I,LUX,,A,,EXP_HEALTH,,PT_B1GQ,,_T,,_Z,,_T,,_T,,_T,,_Z,,_Z,,_Z,,2016,,5.071,,,,,,,,,,,,0,,1,
DATAFLOW,OECD.ELS.HD:DSD_SHA@DF_SHA(1.0),,I,LUX,,A,,EXP_HEALTH,,PT_B1GQ,,_T,,_Z,,_T,,_T,,_T,,_Z,,_Z,,_Z,,2017,,5.135,,,,,,,,,,,,0,,1,
DATAFLOW,OECD.ELS.HD:DSD_SHA@DF_SHA(1.0),,I,LUX,,A,,EXP_HEALTH,,PT_B1GQ,,_T,,_Z,,_T,,_T,,_T,,_Z,,_Z,,_Z,,2018,,5.28,,,,,,,,,,,,0,,1,
DATAFLOW,OECD.ELS.HD:DSD_SHA@DF_SHA(1.0),,I,LUX,,A,,EXP_HEALTH,,PT_B1GQ,,_T,,_Z,,_T,,_T,,_T,,_Z,,_Z,,_Z,,2019,,5.47,,,,,,,,,,,,0,,1,
DATAFLOW,OECD.ELS.HD:DSD_SHA@DF_SHA(1.0),,I,LUX,,A,,EXP_HEALTH,,PT_B1GQ,,_T,,_Z,,_T,,_T,,_T,,_Z,,_Z,,_Z,,2020,,5.742,,,,,,,,,,,,0,,1,
DATAFLOW,OECD.ELS.HD:DSD_SHA@DF_SHA(1.0),,I,LUX,,A,,EXP_HEALTH,,PT_B1GQ,,_T,,_Z,,_T,,_T,,_T,,_Z,,_Z,,_Z,,2021,,5.668,,,,,,,,,,,,0,,1,
DATAFLOW,OECD.ELS.HD:DSD_SHA@DF_SHA(1.0),,I,LUX,,A,,EXP_HEALTH,,PT_B1GQ,,_T,,_Z,,_T,,_T,,_T,,_Z,,_Z,,_Z,,2022,,5.456,,,,,,P,,,,,,0,,1,
DATAFLOW,OECD.ELS.HD:DSD_SHA@DF_SHA(1.0),,I,JPN,,A,,EXP_HEALTH,,PT_B1GQ,,_T,,_Z,,_T,,_T,,_T,,_Z,,_Z,,_Z,,2015,,10.75,,,,,,,,,,,,0,,1,
DATAFLOW,OECD.ELS.HD:DSD_SHA@DF_SHA(1.0),,I,JPN,,A,,EXP_HEALTH,,PT_B1GQ,,_T,,_Z,,_T,,_T,,_T,,_Z,,_Z,,_Z,,2016,,10.659,,,,,,,,,,,,0,,1,
DATAFLOW,OECD.ELS.HD:DSD_SHA@DF_SHA(1.0),,I,JPN,,A,,EXP_HEALTH,,PT_B1GQ,,_T,,_Z,,_T,,_T,,_T,,_Z,,_Z,,_Z,,2017,,10.656,,,,,,,,,,,,0,,1,
DATAFLOW,OECD.ELS.HD:DSD_SHA@DF_SHA(1.0),,I,JPN,,A,,EXP_HEALTH,,PT_B1GQ,,_T,,_Z,,_T,,_T,,_T,,_Z,,_Z,,_Z,,2018,,10.74,,,,,,,,,,,,0,,1,
DATAFLOW,OECD.ELS.HD:DSD_SHA@DF_SHA(1.0),,I,JPN,,A,,EXP_HEALTH,,PT_B1GQ,,_T,,_Z,,_T,,_T,,_T,,_Z,,_Z,,_Z,,2019,,10.97,,,,,,,,,,,,0,,1,
DATAFLOW,OECD.ELS.HD:DSD_SHA@DF_SHA(1.0),,I,JPN,,A,,EXP_HEALTH,,PT_B1GQ,,_T,,_Z,,_T,,_T,,_T,,_Z,,_Z,,_Z,,2020,,11.005,,,,,,,,,,,,0,,1,
DATAFLOW,OECD.ELS.HD:DSD_SHA@DF_SHA(1.0),,I,JPN,,A,,EXP_HEALTH,,PT_B1GQ,,_T,,_Z,,_T,,_T,,_T,,_Z,,_Z,,_Z,,2021,,11.299,,,,,,P,,,,,,0,,1,
DATAFLOW,OECD.ELS.HD:DSD_SHA@DF_SHA(1.0),,I,JPN,,A,,EXP_HEALTH,,PT_B1GQ,,_T,,_Z,,_T,,_T,,_T,,_Z,,_Z,,_Z,,2022,,11.507,,,,,,E,,,,,,0,,1,
DATAFLOW,OECD.ELS.HD:DSD_SHA@DF_SHA(1.0),,I,ISL,,A,,EXP_HEALTH,,PT_B1GQ,,_T,,_Z,,_T,,_T,,_T,,_Z,,_Z,,_Z,,2015,,8.07,,,,,,,,,,,,0,,1,
DATAFLOW,OECD.ELS.HD:DSD_SHA@DF_SHA(1.0),,I,ISL,,A,,EXP_HEALTH,,PT_B1GQ,,_T,,_Z,,_T,,_T,,_T,,_Z,,_Z,,_Z,,2016,,8.097,,,,,,,,,,,,0,,1,
DATAFLOW,OECD.ELS.HD:DSD_SHA@DF_SHA(1.0),,I,ISL,,A,,EXP_HEALTH,,PT_B1GQ,,_T,,_Z,,_T,,_T,,_T,,_Z,,_Z,,_Z,,2017,,8.261,,,,,,,,,,,,0,,1,
DATAFLOW,OECD.ELS.HD:DSD_SHA@DF_SHA(1.0),,I,ISL,,A,,EXP_HEALTH,,PT_B1GQ,,_T,,_Z,,_T,,_T,,_T,,_Z,,_Z,,_Z,,2018,,8.378,,,,,,,,,,,,0,,1,
DATAFLOW,OECD.ELS.HD:DSD_SHA@DF_SHA(1.0),,I,ISL,,A,,EXP_HEALTH,,PT_B1GQ,,_T,,_Z,,_T,,_T,,_T,,_Z,,_Z,,_Z,,2019,,8.58,,,,,,,,,,,,0,,1,
DATAFLOW,OECD.ELS.HD:DSD_SHA@DF_SHA(1.0),,I,ISL,,A,,EXP_HEALTH,,PT_B1GQ,,_T,,_Z,,_T,,_T,,_T,,_Z,,_Z,,_Z,,2020,,9.615,,,,,,,,,,,,0,,1,
DATAFLOW,OECD.ELS.HD:DSD_SHA@DF_SHA(1.0),,I,ISL,,A,,EXP_HEALTH,,PT_B1GQ,,_T,,_Z,,_T,,_T,,_T,,_Z,,_Z,,_Z,,2021,,9.734,,,,,,,,,,,,0,,1,
DATAFLOW,OECD.ELS.HD:DSD_SHA@DF_SHA(1.0),,I,ISL,,A,,EXP_HEALTH,,PT_B1GQ,,_T,,_Z,,_T,,_T,,_T,,_Z,,_Z,,_Z,,2022,,8.572,,,,,,P,,,,,,0,,1,
DATAFLOW,OECD.ELS.HD:DSD_SHA@DF_SHA(1.0),,I,DEU,,A,,EXP_HEALTH,,PT_B1GQ,,_T,,_Z,,_T,,_T,,_T,,_Z,,_Z,,_Z,,2015,,11.19,,,,,,,,,,,,0,,1,
DATAFLOW,OECD.ELS.HD:DSD_SHA@DF_SHA(1.0),,I,DEU,,A,,EXP_HEALTH,,PT_B1GQ,,_T,,_Z,,_T,,_T,,_T,,_Z,,_Z,,_Z,,2016,,11.242,,,,,,,,,,,,0,,1,
DATAFLOW,OECD.ELS.HD:DSD_SHA@DF_SHA(1.0),,I,DEU,,A,,EXP_HEALTH,,PT_B1GQ,,_T,,_Z,,_T,,_T,,_T,,_Z,,_Z,,_Z,,2017,,11.336,,,,,,,,,,,,0,,1,
DATAFLOW,OECD.ELS.HD:DSD_SHA@DF_SHA(1.0),,I,DEU,,A,,EXP_HEALTH,,PT_B1GQ,,_T,,_Z,,_T,,_T,,_T,,_Z,,_Z,,_Z,,2018,,11.481,,,,,,,,,,,,0,,1,
DATAFLOW,OECD.ELS.HD:DSD_SHA@DF_SHA(1.0),,I,DEU,,A,,EXP_HEALTH,,PT_B1GQ,,_T,,_Z,,_T,,_T,,_T,,_Z,,_Z,,_Z,,2019,,11.716,,,,,,,,,,,,0,,1,
DATAFLOW,OECD.ELS.HD:DSD_SHA@DF_SHA(1.0),,I,DEU,,A,,EXP_HEALTH,,PT_B1GQ,,_T,,_Z,,_T,,_T,,_T,,_Z,,_Z,,_Z,,2020,,12.693,,,,,,,,,,,,0,,1,
DATAFLOW,OECD.ELS.HD:DSD_SHA@DF_SHA(1.0),,I,DEU,,A,,EXP_HEALTH,,PT_B1GQ,,_T,,_Z,,_T,,_T,,_T,,_Z,,_Z,,_Z,,2021,,12.934,,,,,,,,,,,,0,,1,
DATAFLOW,OECD.ELS.HD:DSD_SHA@DF_SHA(1.0),,I,DEU,,A,,EXP_HEALTH,,PT_B1GQ,,_T,,_Z,,_T,,_T,,_T,,_Z,,_Z,,_Z,,2022,,12.655,,,,,,P,,,,,,0,,1,
DATAFLOW,OECD.ELS.HD:DSD_SHA@DF_SHA(1.0),,I,SWE,,A,,EXP_HEALTH,,PT_B1GQ,,_T,,_Z,,_T,,_T,,_T,,_Z,,_Z,,_Z,,2015,,10.804,,,,,,,,,,,,0,,1,
DATAFLOW,OECD.ELS.HD:DSD_SHA@DF_SHA(1.0),,I,SWE,,A,,EXP_HEALTH,,PT_B1GQ,,_T,,_Z,,_T,,_T,,_T,,_Z,,_Z,,_Z,,2016,,10.852,,,,,,,,,,,,0,,1,
DATAFLOW,OECD.ELS.HD:DSD_SHA@DF_SHA(1.0),,I,SWE,,A,,EXP_HEALTH,,PT_B1GQ,,_T,,_Z,,_T,,_T,,_T,,_Z,,_Z,,_Z,,2017,,10.785,,,,,,,,,,,,0,,1,
DATAFLOW,OECD.ELS.HD:DSD_SHA@DF_SHA(1.0),,I,SWE,,A,,EXP_HEALTH,,PT_B1GQ,,_T,,_Z,,_T,,_T,,_T,,_Z,,_Z,,_Z,,2018,,10.941,,,,,,,,,,,,0,,1,
DATAFLOW,OECD.ELS.HD:DSD_SHA@DF_SHA(1.0),,I,SWE,,A,,EXP_HEALTH,,PT_B1GQ,,_T,,_Z,,_T,,_T,,_T,,_Z,,_Z,,_Z,,2019,,10.832,,,,,,,,,,,,0,,1,
DATAFLOW,OECD.ELS.HD:DSD_SHA@DF_SHA(1.0),,I,SWE,,A,,EXP_HEALTH,,PT_B1GQ,,_T,,_Z,,_T,,_T,,_T,,_Z,,_Z,,_Z,,2020,,11.333,,,,,,,,,,,,0,,1,
DATAFLOW,OECD.ELS.HD:DSD_SHA@DF_SHA(1.0),,I,SWE,,A,,EXP_HEALTH,,PT_B1GQ,,_T,,_Z,,_T,,_T,,_T,,_Z,,_Z,,_Z,,2021,,11.247,,,,,,P,,,,,,0,,1,
DATAFLOW,OECD.ELS.HD:DSD_SHA@DF_SHA(1.0),,I,SWE,,A,,EXP_HEALTH,,PT_B1GQ,,_T,,_Z,,_T,,_T,,_T,,_Z,,_Z,,_Z,,2022,,10.667,,,,,,P,,,,,,0,,1,
DATAFLOW,OECD.ELS.HD:DSD_SHA@DF_SHA(1.0),,I,IND,,A,,EXP_HEALTH,,PT_B1GQ,,_T,,_Z,,_T,,_T,,_T,,_Z,,_Z,,_Z,,2015,,3.596,,,,,,,,,,,,0,,1,
DATAFLOW,OECD.ELS.HD:DSD_SHA@DF_SHA(1.0),,I,IND,,A,,EXP_HEALTH,,PT_B1GQ,,_T,,_Z,,_T,,_T,,_T,,_Z,,_Z,,_Z,,2016,,3.504,,,,,,,,,,,,0,,1,
DATAFLOW,OECD.ELS.HD:DSD_SHA@DF_SHA(1.0),,I,IND,,A,,EXP_HEALTH,,PT_B1GQ,,_T,,_Z,,_T,,_T,,_T,,_Z,,_Z,,_Z,,2017,,2.936,,,,,,,,,,,,0,,1,
DATAFLOW,OECD.ELS.HD:DSD_SHA@DF_SHA(1.0),,I,IND,,A,,EXP_HEALTH,,PT_B1GQ,,_T,,_Z,,_T,,_T,,_T,,_Z,,_Z,,_Z,,2018,,2.86,,,,,,,,,,,,0,,1,
DATAFLOW,OECD.ELS.HD:DSD_SHA@DF_SHA(1.0),,I,IND,,A,,EXP_HEALTH,,PT_B1GQ,,_T,,_Z,,_T,,_T,,_T,,_Z,,_Z,,_Z,,2019,,2.904,,,,,,,,,,,,0,,1,
DATAFLOW,OECD.ELS.HD:DSD_SHA@DF_SHA(1.0),,I,IND,,A,,EXP_HEALTH,,PT_B1GQ,,_T,,_Z,,_T,,_T,,_T,,_Z,,_Z,,_Z,,2020,,2.955,,,,,,,,,,,,0,,1,
DATAFLOW,OECD.ELS.HD:DSD_SHA@DF_SHA(1.0),,I,USA,,A,,EXP_HEALTH,,PT_B1GQ,,_T,,_Z,,_T,,_T,,_T,,_Z,,_Z,,_Z,,2015,,16.491,,,,,,,,,,,,0,,1,
DATAFLOW,OECD.ELS.HD:DSD_SHA@DF_SHA(1.0),,I,USA,,A,,EXP_HEALTH,,PT_B1GQ,,_T,,_Z,,_T,,_T,,_T,,_Z,,_Z,,_Z,,2016,,16.802,,,,,,,,,,,,0,,1,
DATAFLOW,OECD.ELS.HD:DSD_SHA@DF_SHA(1.0),,I,USA,,A,,EXP_HEALTH,,PT_B1GQ,,_T,,_Z,,_T,,_T,,_T,,_Z,,_Z,,_Z,,2017,,16.768,,,,,,,,,,,,0,,1,
DATAFLOW,OECD.ELS.HD:DSD_SHA@DF_SHA(1.0),,I,USA,,A,,EXP_HEALTH,,PT_B1GQ,,_T,,_Z,,_T,,_T,,_T,,_Z,,_Z,,_Z,,2018,,16.63,,,,,,,,,,,,0,,1,
DATAFLOW,OECD.ELS.HD:DSD_SHA@DF_SHA(1.0),,I,USA,,A,,EXP_HEALTH,,PT_B1GQ,,_T,,_Z,,_T,,_T,,_T,,_Z,,_Z,,_Z,,2019,,16.666,,,,,,,,,,,,0,,1,
DATAFLOW,OECD.ELS.HD:DSD_SHA@DF_SHA(1.0),,I,USA,,A,,EXP_HEALTH,,PT_B1GQ,,_T,,_Z,,_T,,_T,,_T,,_Z,,_Z,,_Z,,2020,,18.756,,,,,,,,,,,,0,,1,
DATAFLOW,OECD.ELS.HD:DSD_SHA@DF_SHA(1.0),,I,USA,,A,,EXP_HEALTH,,PT_B1GQ,,_T,,_Z,,_T,,_T,,_T,,_Z,,_Z,,_Z,,2021,,17.363,,,,,,,,,,,,0,,1,
DATAFLOW,OECD.ELS.HD:DSD_SHA@DF_SHA(1.0),,I,USA,,A,,EXP_HEALTH,,PT_B1GQ,,_T,,_Z,,_T,,_T,,_T,,_Z,,_Z,,_Z,,2022,,16.634,,,,,,E,,,,,,0,,1,
DATAFLOW,OECD.ELS.HD:DSD_SHA@DF_SHA(1.0),,I,LVA,,A,,EXP_HEALTH,,PT_B1GQ,,_T,,_Z,,_T,,_T,,_T,,_Z,,_Z,,_Z,,2015,,5.652,,,,,,,,,,,,0,,1,
DATAFLOW,OECD.ELS.HD:DSD_SHA@DF_SHA(1.0),,I,LVA,,A,,EXP_HEALTH,,PT_B1GQ,,_T,,_Z,,_T,,_T,,_T,,_Z,,_Z,,_Z,,2016,,6.133,,,,,,,,,,,,0,,1,
DATAFLOW,OECD.ELS.HD:DSD_SHA@DF_SHA(1.0),,I,LVA,,A,,EXP_HEALTH,,PT_B1GQ,,_T,,_Z,,_T,,_T,,_T,,_Z,,_Z,,_Z,,2017,,5.965,,,,,,,,,,,,0,,1,
DATAFLOW,OECD.ELS.HD:DSD_SHA@DF_SHA(1.0),,I,LVA,,A,,EXP_HEALTH,,PT_B1GQ,,_T,,_Z,,_T,,_T,,_T,,_Z,,_Z,,_Z,,2018,,6.189,,,,,,,,,,,,0,,1,
DATAFLOW,OECD.ELS.HD:DSD_SHA@DF_SHA(1.0),,I,LVA,,A,,EXP_HEALTH,,PT_B1GQ,,_T,,_Z,,_T,,_T,,_T,,_Z,,_Z,,_Z,,2019,,6.614,,,,,,,,,,,,0,,1,
DATAFLOW,OECD.ELS.HD:DSD_SHA@DF_SHA(1.0),,I,LVA,,A,,EXP_HEALTH,,PT_B1GQ,,_T,,_Z,,_T,,_T,,_T,,_Z,,_Z,,_Z,,2020,,7.241,,,,,,,,,,,,0,,1,
DATAFLOW,OECD.ELS.HD:DSD_SHA@DF_SHA(1.0),,I,LVA,,A,,EXP_HEALTH,,PT_B1GQ,,_T,,_Z,,_T,,_T,,_T,,_Z,,_Z,,_Z,,2021,,9.045,,,,,,,,,,,,0,,1,
DATAFLOW,OECD.ELS.HD:DSD_SHA@DF_SHA(1.0),,I,LVA,,A,,EXP_HEALTH,,PT_B1GQ,,_T,,_Z,,_T,,_T,,_T,,_Z,,_Z,,_Z,,2022,,8.843,,,,,,E,,,,,,0,,1,
DATAFLOW,OECD.ELS.HD:DSD_SHA@DF_SHA(1.0),,I,BEL,,A,,EXP_HEALTH,,PT_B1GQ,,_T,,_Z,,_T,,_T,,_T,,_Z,,_Z,,_Z,,2015,,10.797,,,,,,,,,,,,0,,1,
DATAFLOW,OECD.ELS.HD:DSD_SHA@DF_SHA(1.0),,I,BEL,,A,,EXP_HEALTH,,PT_B1GQ,,_T,,_Z,,_T,,_T,,_T,,_Z,,_Z,,_Z,,2016,,10.794,,,,,,,,,,,,0,,1,
DATAFLOW,OECD.ELS.HD:DSD_SHA@DF_SHA(1.0),,I,BEL,,A,,EXP_HEALTH,,PT_B1GQ,,_T,,_Z,,_T,,_T,,_T,,_Z,,_Z,,_Z,,2017,,10.799,,,,,,,,,,,,0,,1,
DATAFLOW,OECD.ELS.HD:DSD_SHA@DF_SHA(1.0),,I,BEL,,A,,EXP_HEALTH,,PT_B1GQ,,_T,,_Z,,_T,,_T,,_T,,_Z,,_Z,,_Z,,2018,,10.861,,,,,,,,,,,,0,,1,
DATAFLOW,OECD.ELS.HD:DSD_SHA@DF_SHA(1.0),,I,BEL,,A,,EXP_HEALTH,,PT_B1GQ,,_T,,_Z,,_T,,_T,,_T,,_Z,,_Z,,_Z,,2019,,10.795,,,,,,,,,,,,0,,1,
DATAFLOW,OECD.ELS.HD:DSD_SHA@DF_SHA(1.0),,I,BEL,,A,,EXP_HEALTH,,PT_B1GQ,,_T,,_Z,,_T,,_T,,_T,,_Z,,_Z,,_Z,,2020,,11.198,,,,,,,,,,,,0,,1,
DATAFLOW,OECD.ELS.HD:DSD_SHA@DF_SHA(1.0),,I,BEL,,A,,EXP_HEALTH,,PT_B1GQ,,_T,,_Z,,_T,,_T,,_T,,_Z,,_Z,,_Z,,2021,,11.043,,,,,,,,,,,,0,,1,
DATAFLOW,OECD.ELS.HD:DSD_SHA@DF_SHA(1.0),,I,BEL,,A,,EXP_HEALTH,,PT_B1GQ,,_T,,_Z,,_T,,_T,,_T,,_Z,,_Z,,_Z,,2022,,10.94,,,,,,E,,,,,,0,,1,
DATAFLOW,OECD.ELS.HD:DSD_SHA@DF_SHA(1.0),,I,SVN,,A,,EXP_HEALTH,,PT_B1GQ,,_T,,_Z,,_T,,_T,,_T,,_Z,,_Z,,_Z,,2015,,8.517,,,,,,,,,,,,0,,1,
DATAFLOW,OECD.ELS.HD:DSD_SHA@DF_SHA(1.0),,I,SVN,,A,,EXP_HEALTH,,PT_B1GQ,,_T,,_Z,,_T,,_T,,_T,,_Z,,_Z,,_Z,,2016,,8.478,,,,,,,,,,,,0,,1,
DATAFLOW,OECD.ELS.HD:DSD_SHA@DF_SHA(1.0),,I,SVN,,A,,EXP_HEALTH,,PT_B1GQ,,_T,,_Z,,_T,,_T,,_T,,_Z,,_Z,,_Z,,2017,,8.185,,,,,,,,,,,,0,,1,
DATAFLOW,OECD.ELS.HD:DSD_SHA@DF_SHA(1.0),,I,SVN,,A,,EXP_HEALTH,,PT_B1GQ,,_T,,_Z,,_T,,_T,,_T,,_Z,,_Z,,_Z,,2018,,8.277,,,,,,,,,,,,0,,1,
DATAFLOW,OECD.ELS.HD:DSD_SHA@DF_SHA(1.0),,I,SVN,,A,,EXP_HEALTH,,PT_B1GQ,,_T,,_Z,,_T,,_T,,_T,,_Z,,_Z,,_Z,,2019,,8.499,,,,,,,,,,,,0,,1,
DATAFLOW,OECD.ELS.HD:DSD_SHA@DF_SHA(1.0),,I,SVN,,A,,EXP_HEALTH,,PT_B1GQ,,_T,,_Z,,_T,,_T,,_T,,_Z,,_Z,,_Z,,2020,,9.433,,,,,,,,,,,,0,,1,
DATAFLOW,OECD.ELS.HD:DSD_SHA@DF_SHA(1.0),,I,SVN,,A,,EXP_HEALTH,,PT_B1GQ,,_T,,_Z,,_T,,_T,,_T,,_Z,,_Z,,_Z,,2021,,9.478,,,,,,,,,,,,0,,1,
DATAFLOW,OECD.ELS.HD:DSD_SHA@DF_SHA(1.0),,I,SVN,,A,,EXP_HEALTH,,PT_B1GQ,,_T,,_Z,,_T,,_T,,_T,,_Z,,_Z,,_Z,,2022,,8.847,,,,,,P,,,,,,0,,1,
DATAFLOW,OECD.ELS.HD:DSD_SHA@DF_SHA(1.0),,I,GRC,,A,,EXP_HEALTH,,PT_B1GQ,,_T,,_Z,,_T,,_T,,_T,,_Z,,_Z,,_Z,,2015,,8.22,,,,,,,,,,,,0,,1,
DATAFLOW,OECD.ELS.HD:DSD_SHA@DF_SHA(1.0),,I,GRC,,A,,EXP_HEALTH,,PT_B1GQ,,_T,,_Z,,_T,,_T,,_T,,_Z,,_Z,,_Z,,2016,,8.449,,,,,,,,,,,,0,,1,
DATAFLOW,OECD.ELS.HD:DSD_SHA@DF_SHA(1.0),,I,GRC,,A,,EXP_HEALTH,,PT_B1GQ,,_T,,_Z,,_T,,_T,,_T,,_Z,,_Z,,_Z,,2017,,8.135,,,,,,,,,,,,0,,1,
DATAFLOW,OECD.ELS.HD:DSD_SHA@DF_SHA(1.0),,I,GRC,,A,,EXP_HEALTH,,PT_B1GQ,,_T,,_Z,,_T,,_T,,_T,,_Z,,_Z,,_Z,,2018,,8.12,,,,,,,,,,,,0,,1,
DATAFLOW,OECD.ELS.HD:DSD_SHA@DF_SHA(1.0),,I,GRC,,A,,EXP_HEALTH,,PT_B1GQ,,_T,,_Z,,_T,,_T,,_T,,_Z,,_Z,,_Z,,2019,,8.198,,,,,,,,,,,,0,,1,
DATAFLOW,OECD.ELS.HD:DSD_SHA@DF_SHA(1.0),,I,GRC,,A,,EXP_HEALTH,,PT_B1GQ,,_T,,_Z,,_T,,_T,,_T,,_Z,,_Z,,_Z,,2020,,9.504,,,,,,,,,,,,0,,1,
DATAFLOW,OECD.ELS.HD:DSD_SHA@DF_SHA(1.0),,I,GRC,,A,,EXP_HEALTH,,PT_B1GQ,,_T,,_Z,,_T,,_T,,_T,,_Z,,_Z,,_Z,,2021,,9.173,,,,,,,,,,,,0,,1,
DATAFLOW,OECD.ELS.HD:DSD_SHA@DF_SHA(1.0),,I,GRC,,A,,EXP_HEALTH,,PT_B1GQ,,_T,,_Z,,_T,,_T,,_T,,_Z,,_Z,,_Z,,2022,,8.588,,,,,,E,,,,,,0,,1,
DATAFLOW,OECD.ELS.HD:DSD_SHA@DF_SHA(1.0),,I,PER,,A,,EXP_HEALTH,,PT_B1GQ,,_T,,_Z,,_T,,_T,,_T,,_Z,,_Z,,_Z,,2015,,4.961,,,,,,,,,,,,0,,1,
DATAFLOW,OECD.ELS.HD:DSD_SHA@DF_SHA(1.0),,I,PER,,A,,EXP_HEALTH,,PT_B1GQ,,_T,,_Z,,_T,,_T,,_T,,_Z,,_Z,,_Z,,2016,,4.96,,,,,,,,,,,,0,,1,
DATAFLOW,OECD.ELS.HD:DSD_SHA@DF_SHA(1.0),,I,PER,,A,,EXP_HEALTH,,PT_B1GQ,,_T,,_Z,,_T,,_T,,_T,,_Z,,_Z,,_Z,,2017,,4.881,,,,,,,,,,,,0,,1,
DATAFLOW,OECD.ELS.HD:DSD_SHA@DF_SHA(1.0),,I,PER,,A,,EXP_HEALTH,,PT_B1GQ,,_T,,_Z,,_T,,_T,,_T,,_Z,,_Z,,_Z,,2018,,5.16,,,,,,,,,,,,0,,1,
DATAFLOW,OECD.ELS.HD:DSD_SHA@DF_SHA(1.0),,I,PER,,A,,EXP_HEALTH,,PT_B1GQ,,_T,,_Z,,_T,,_T,,_T,,_Z,,_Z,,_Z,,2019,,5.179,,,,,,,,,,,,0,,1,
DATAFLOW,OECD.ELS.HD:DSD_SHA@DF_SHA(1.0),,I,PER,,A,,EXP_HEALTH,,PT_B1GQ,,_T,,_Z,,_T,,_T,,_T,,_Z,,_Z,,_Z,,2020,,6.286,,,,,,,,,,,,0,,1,
DATAFLOW,OECD.ELS.HD:DSD_SHA@DF_SHA(1.0),,I,HUN,,A,,EXP_HEALTH,,PT_B1GQ,,_T,,_Z,,_T,,_T,,_T,,_Z,,_Z,,_Z,,2015,,6.854,,,,,,,,,,,,0,,1,
DATAFLOW,OECD.ELS.HD:DSD_SHA@DF_SHA(1.0),,I,HUN,,A,,EXP_HEALTH,,PT_B1GQ,,_T,,_Z,,_T,,_T,,_T,,_Z,,_Z,,_Z,,2016,,6.988,,,,,,,,,,,,0,,1,
DATAFLOW,OECD.ELS.HD:DSD_SHA@DF_SHA(1.0),,I,HUN,,A,,EXP_HEALTH,,PT_B1GQ,,_T,,_Z,,_T,,_T,,_T,,_Z,,_Z,,_Z,,2017,,6.744,,,,,,,,,,,,0,,1,
DATAFLOW,OECD.ELS.HD:DSD_SHA@DF_SHA(1.0),,I,HUN,,A,,EXP_HEALTH,,PT_B1GQ,,_T,,_Z,,_T,,_T,,_T,,_Z,,_Z,,_Z,,2018,,6.58,,,,,,,,,,,,0,,1,
DATAFLOW,OECD.ELS.HD:DSD_SHA@DF_SHA(1.0),,I,HUN,,A,,EXP_HEALTH,,PT_B1GQ,,_T,,_Z,,_T,,_T,,_T,,_Z,,_Z,,_Z,,2019,,6.282,,,,,,,,,,,,0,,1,
DATAFLOW,OECD.ELS.HD:DSD_SHA@DF_SHA(1.0),,I,HUN,,A,,EXP_HEALTH,,PT_B1GQ,,_T,,_Z,,_T,,_T,,_T,,_Z,,_Z,,_Z,,2020,,7.288,,,,,,,,,,,,0,,1,
DATAFLOW,OECD.ELS.HD:DSD_SHA@DF_SHA(1.0),,I,HUN,,A,,EXP_HEALTH,,PT_B1GQ,,_T,,_Z,,_T,,_T,,_T,,_Z,,_Z,,_Z,,2021,,7.376,,,,,,,,,,,,0,,1,
DATAFLOW,OECD.ELS.HD:DSD_SHA@DF_SHA(1.0),,I,HUN,,A,,EXP_HEALTH,,PT_B1GQ,,_T,,_Z,,_T,,_T,,_T,,_Z,,_Z,,_Z,,2022,,6.739,,,,,,P,,,,,,0,,1,
DATAFLOW,OECD.ELS.HD:DSD_SHA@DF_SHA(1.0),,I,ESP,,A,,EXP_HEALTH,,PT_B1GQ,,_T,,_Z,,_T,,_T,,_T,,_Z,,_Z,,_Z,,2015,,9.122,,,,,,,,,,,,0,,1,
DATAFLOW,OECD.ELS.HD:DSD_SHA@DF_SHA(1.0),,I,ESP,,A,,EXP_HEALTH,,PT_B1GQ,,_T,,_Z,,_T,,_T,,_T,,_Z,,_Z,,_Z,,2016,,8.947,,,,,,,,,,,,0,,1,
DATAFLOW,OECD.ELS.HD:DSD_SHA@DF_SHA(1.0),,I,ESP,,A,,EXP_HEALTH,,PT_B1GQ,,_T,,_Z,,_T,,_T,,_T,,_Z,,_Z,,_Z,,2017,,8.945,,,,,,,,,,,,0,,1,
DATAFLOW,OECD.ELS.HD:DSD_SHA@DF_SHA(1.0),,I,ESP,,A,,EXP_HEALTH,,PT_B1GQ,,_T,,_Z,,_T,,_T,,_T,,_Z,,_Z,,_Z,,2018,,8.997,,,,,,,,,,,,0,,1,
DATAFLOW,OECD.ELS.HD:DSD_SHA@DF_SHA(1.0),,I,ESP,,A,,EXP_HEALTH,,PT_B1GQ,,_T,,_Z,,_T,,_T,,_T,,_Z,,_Z,,_Z,,2019,,9.146,,,,,,,,,,,,0,,1,
DATAFLOW,OECD.ELS.HD:DSD_SHA@DF_SHA(1.0),,I,ESP,,A,,EXP_HEALTH,,PT_B1GQ,,_T,,_Z,,_T,,_T,,_T,,_Z,,_Z,,_Z,,2020,,10.746,,,,,,,,,,,,0,,1,
DATAFLOW,OECD.ELS.HD:DSD_SHA@DF_SHA(1.0),,I,ESP,,A,,EXP_HEALTH,,PT_B1GQ,,_T,,_Z,,_T,,_T,,_T,,_Z,,_Z,,_Z,,2021,,10.74,,,,,,,,,,,,0,,1,
DATAFLOW,OECD.ELS.HD:DSD_SHA@DF_SHA(1.0),,I,ESP,,A,,EXP_HEALTH,,PT_B1GQ,,_T,,_Z,,_T,,_T,,_T,,_Z,,_Z,,_Z,,2022,,10.39,,,,,,E,,,,,,0,,1,
DATAFLOW,OECD.ELS.HD:DSD_SHA@DF_SHA(1.0),,I,SVK,,A,,EXP_HEALTH,,PT_B1GQ,,_T,,_Z,,_T,,_T,,_T,,_Z,,_Z,,_Z,,2015,,6.762,,,,,,,,,,,,0,,1,
DATAFLOW,OECD.ELS.HD:DSD_SHA@DF_SHA(1.0),,I,SVK,,A,,EXP_HEALTH,,PT_B1GQ,,_T,,_Z,,_T,,_T,,_T,,_Z,,_Z,,_Z,,2016,,6.973,,,,,,,,,,,,0,,1,
DATAFLOW,OECD.ELS.HD:DSD_SHA@DF_SHA(1.0),,I,SVK,,A,,EXP_HEALTH,,PT_B1GQ,,_T,,_Z,,_T,,_T,,_T,,_Z,,_Z,,_Z,,2017,,6.757,,,,,,,,,,,,0,,1,
DATAFLOW,OECD.ELS.HD:DSD_SHA@DF_SHA(1.0),,I,SVK,,A,,EXP_HEALTH,,PT_B1GQ,,_T,,_Z,,_T,,_T,,_T,,_Z,,_Z,,_Z,,2018,,6.666,,,,,,,,,,,,0,,1,
DATAFLOW,OECD.ELS.HD:DSD_SHA@DF_SHA(1.0),,I,SVK,,A,,EXP_HEALTH,,PT_B1GQ,,_T,,_Z,,_T,,_T,,_T,,_Z,,_Z,,_Z,,2019,,6.92,,,,,,,,,,,,0,,1,
DATAFLOW,OECD.ELS.HD:DSD_SHA@DF_SHA(1.0),,I,SVK,,A,,EXP_HEALTH,,PT_B1GQ,,_T,,_Z,,_T,,_T,,_T,,_Z,,_Z,,_Z,,2020,,7.127,,,,,,,,,,,,0,,1,
DATAFLOW,OECD.ELS.HD:DSD_SHA@DF_SHA(1.0),,I,SVK,,A,,EXP_HEALTH,,PT_B1GQ,,_T,,_Z,,_T,,_T,,_T,,_Z,,_Z,,_Z,,2021,,7.751,,,,,,,,,,,,0,,1,
DATAFLOW,OECD.ELS.HD:DSD_SHA@DF_SHA(1.0),,I,SVK,,A,,EXP_HEALTH,,PT_B1GQ,,_T,,_Z,,_T,,_T,,_T,,_Z,,_Z,,_Z,,2022,,7.753,,,,,,E,,,,,,0,,1,
DATAFLOW,OECD.ELS.HD:DSD_SHA@DF_SHA(1.0),,I,POL,,A,,EXP_HEALTH,,PT_B1GQ,,_T,,_Z,,_T,,_T,,_T,,_Z,,_Z,,_Z,,2015,,6.404,,,,,,,,,,,,0,,1,
DATAFLOW,OECD.ELS.HD:DSD_SHA@DF_SHA(1.0),,I,POL,,A,,EXP_HEALTH,,PT_B1GQ,,_T,,_Z,,_T,,_T,,_T,,_Z,,_Z,,_Z,,2016,,6.571,,,,,,,,,,,,0,,1,
DATAFLOW,OECD.ELS.HD:DSD_SHA@DF_SHA(1.0),,I,POL,,A,,EXP_HEALTH,,PT_B1GQ,,_T,,_Z,,_T,,_T,,_T,,_Z,,_Z,,_Z,,2017,,6.583,,,,,,,,,,,,0,,1,
DATAFLOW,OECD.ELS.HD:DSD_SHA@DF_SHA(1.0),,I,POL,,A,,EXP_HEALTH,,PT_B1GQ,,_T,,_Z,,_T,,_T,,_T,,_Z,,_Z,,_Z,,2018,,6.313,,,,,,,,,,,,0,,1,
DATAFLOW,OECD.ELS.HD:DSD_SHA@DF_SHA(1.0),,I,POL,,A,,EXP_HEALTH,,PT_B1GQ,,_T,,_Z,,_T,,_T,,_T,,_Z,,_Z,,_Z,,2019,,6.46,,,,,,,,,,,,0,,1,
DATAFLOW,OECD.ELS.HD:DSD_SHA@DF_SHA(1.0),,I,POL,,A,,EXP_HEALTH,,PT_B1GQ,,_T,,_Z,,_T,,_T,,_T,,_Z,,_Z,,_Z,,2020,,6.497,,,,,,,,,,,,0,,1,
DATAFLOW,OECD.ELS.HD:DSD_SHA@DF_SHA(1.0),,I,POL,,A,,EXP_HEALTH,,PT_B1GQ,,_T,,_Z,,_T,,_T,,_T,,_Z,,_Z,,_Z,,2021,,6.439,,,,,,,,,,,,0,,1,
DATAFLOW,OECD.ELS.HD:DSD_SHA@DF_SHA(1.0),,I,POL,,A,,EXP_HEALTH,,PT_B1GQ,,_T,,_Z,,_T,,_T,,_T,,_Z,,_Z,,_Z,,2022,,6.678,,,,,,P,,,,,,0,,1,
DATAFLOW,OECD.ELS.HD:DSD_SHA@DF_SHA(1.0),,I,CYP,,A,,EXP_HEALTH,,PT_B1GQ,,_T,,_Z,,_T,,_T,,_T,,_Z,,_Z,,_Z,,2015,,6.794,,,,,,B,,,,,,0,,1,
DATAFLOW,OECD.ELS.HD:DSD_SHA@DF_SHA(1.0),,I,CYP,,A,,EXP_HEALTH,,PT_B1GQ,,_T,,_Z,,_T,,_T,,_T,,_Z,,_Z,,_Z,,2016,,6.653,,,,,,,,,,,,0,,1,
DATAFLOW,OECD.ELS.HD:DSD_SHA@DF_SHA(1.0),,I,CYP,,A,,EXP_HEALTH,,PT_B1GQ,,_T,,_Z,,_T,,_T,,_T,,_Z,,_Z,,_Z,,2017,,6.622,,,,,,,,,,,,0,,1,
DATAFLOW,OECD.ELS.HD:DSD_SHA@DF_SHA(1.0),,I,CYP,,A,,EXP_HEALTH,,PT_B1GQ,,_T,,_Z,,_T,,_T,,_T,,_Z,,_Z,,_Z,,2018,,6.826,,,,,,,,,,,,0,,1,
DATAFLOW,OECD.ELS.HD:DSD_SHA@DF_SHA(1.0),,I,CYP,,A,,EXP_HEALTH,,PT_B1GQ,,_T,,_Z,,_T,,_T,,_T,,_Z,,_Z,,_Z,,2019,,7.066,,,,,,,,,,,,0,,1,
DATAFLOW,OECD.ELS.HD:DSD_SHA@DF_SHA(1.0),,I,CYP,,A,,EXP_HEALTH,,PT_B1GQ,,_T,,_Z,,_T,,_T,,_T,,_Z,,_Z,,_Z,,2020,,8.408,,,,,,,,,,,,0,,1,
DATAFLOW,OECD.ELS.HD:DSD_SHA@DF_SHA(1.0),,I,CYP,,A,,EXP_HEALTH,,PT_B1GQ,,_T,,_Z,,_T,,_T,,_T,,_Z,,_Z,,_Z,,2021,,9.428,,,,,,P,,,,,,0,,1,
DATAFLOW,OECD.ELS.HD:DSD_SHA@DF_SHA(1.0),,I,ARG,,A,,EXP_HEALTH,,PT_B1GQ,,_T,,_Z,,_T,,_T,,_T,,_Z,,_Z,,_Z,,2015,,10.229,,,,,,,,,,,,0,,1,
DATAFLOW,OECD.ELS.HD:DSD_SHA@DF_SHA(1.0),,I,ARG,,A,,EXP_HEALTH,,PT_B1GQ,,_T,,_Z,,_T,,_T,,_T,,_Z,,_Z,,_Z,,2016,,9.002,,,,,,,,,,,,0,,1,
DATAFLOW,OECD.ELS.HD:DSD_SHA@DF_SHA(1.0),,I,ARG,,A,,EXP_HEALTH,,PT_B1GQ,,_T,,_Z,,_T,,_T,,_T,,_Z,,_Z,,_Z,,2017,,10.442,,,,,,,,,,,,0,,1,
DATAFLOW,OECD.ELS.HD:DSD_SHA@DF_SHA(1.0),,I,ARG,,A,,EXP_HEALTH,,PT_B1GQ,,_T,,_Z,,_T,,_T,,_T,,_Z,,_Z,,_Z,,2018,,9.534,,,,,,,,,,,,0,,1,
DATAFLOW,OECD.ELS.HD:DSD_SHA@DF_SHA(1.0),,I,ARG,,A,,EXP_HEALTH,,PT_B1GQ,,_T,,_Z,,_T,,_T,,_T,,_Z,,_Z,,_Z,,2019,,9.355,,,,,,,,,,,,0,,1,
DATAFLOW,OECD.ELS.HD:DSD_SHA@DF_SHA(1.0),,I,ARG,,A,,EXP_HEALTH,,PT_B1GQ,,_T,,_Z,,_T,,_T,,_T,,_Z,,_Z,,_Z,,2020,,9.984,,,,,,,,,,,,0,,1,
DATAFLOW,OECD.ELS.HD:DSD_SHA@DF_SHA(1.0),,I,FIN,,A,,EXP_HEALTH,,PT_B1GQ,,_T,,_Z,,_T,,_T,,_T,,_Z,,_Z,,_Z,,2015,,9.645,,,,,,B,,,,,,0,,1,
DATAFLOW,OECD.ELS.HD:DSD_SHA@DF_SHA(1.0),,I,FIN,,A,,EXP_HEALTH,,PT_B1GQ,,_T,,_Z,,_T,,_T,,_T,,_Z,,_Z,,_Z,,2016,,9.378,,,,,,,,,,,,0,,1,
DATAFLOW,OECD.ELS.HD:DSD_SHA@DF_SHA(1.0),,I,FIN,,A,,EXP_HEALTH,,PT_B1GQ,,_T,,_Z,,_T,,_T,,_T,,_Z,,_Z,,_Z,,2017,,9.127,,,,,,,,,,,,0,,1,
DATAFLOW,OECD.ELS.HD:DSD_SHA@DF_SHA(1.0),,I,FIN,,A,,EXP_HEALTH,,PT_B1GQ,,_T,,_Z,,_T,,_T,,_T,,_Z,,_Z,,_Z,,2018,,9.043,,,,,,,,,,,,0,,1,
DATAFLOW,OECD.ELS.HD:DSD_SHA@DF_SHA(1.0),,I,FIN,,A,,EXP_HEALTH,,PT_B1GQ,,_T,,_Z,,_T,,_T,,_T,,_Z,,_Z,,_Z,,2019,,9.171,,,,,,,,,,,,0,,1,
DATAFLOW,OECD.ELS.HD:DSD_SHA@DF_SHA(1.0),,I,FIN,,A,,EXP_HEALTH,,PT_B1GQ,,_T,,_Z,,_T,,_T,,_T,,_Z,,_Z,,_Z,,2020,,9.632,,,,,,,,,,,,0,,1,
DATAFLOW,OECD.ELS.HD:DSD_SHA@DF_SHA(1.0),,I,FIN,,A,,EXP_HEALTH,,PT_B1GQ,,_T,,_Z,,_T,,_T,,_T,,_Z,,_Z,,_Z,,2021,,10.25,,,,,,,,,,,,0,,1,
DATAFLOW,OECD.ELS.HD:DSD_SHA@DF_SHA(1.0),,I,FIN,,A,,EXP_HEALTH,,PT_B1GQ,,_T,,_Z,,_T,,_T,,_T,,_Z,,_Z,,_Z,,2022,,10.039,,,,,,E,,,,,,0,,1,
DATAFLOW,OECD.ELS.HD:DSD_SHA@DF_SHA(1.0),,I,CAN,,A,,EXP_HEALTH,,PT_B1GQ,,_T,,_Z,,_T,,_T,,_T,,_Z,,_Z,,_Z,,2015,,10.739,,,,,,,,,,,,0,,1,
DATAFLOW,OECD.ELS.HD:DSD_SHA@DF_SHA(1.0),,I,CAN,,A,,EXP_HEALTH,,PT_B1GQ,,_T,,_Z,,_T,,_T,,_T,,_Z,,_Z,,_Z,,2016,,11.032,,,,,,,,,,,,0,,1,
DATAFLOW,OECD.ELS.HD:DSD_SHA@DF_SHA(1.0),,I,CAN,,A,,EXP_HEALTH,,PT_B1GQ,,_T,,_Z,,_T,,_T,,_T,,_Z,,_Z,,_Z,,2017,,10.906,,,,,,,,,,,,0,,1,
DATAFLOW,OECD.ELS.HD:DSD_SHA@DF_SHA(1.0),,I,CAN,,A,,EXP_HEALTH,,PT_B1GQ,,_T,,_Z,,_T,,_T,,_T,,_Z,,_Z,,_Z,,2018,,10.905,,,,,,,,,,,,0,,1,
DATAFLOW,OECD.ELS.HD:DSD_SHA@DF_SHA(1.0),,I,CAN,,A,,EXP_HEALTH,,PT_B1GQ,,_T,,_Z,,_T,,_T,,_T,,_Z,,_Z,,_Z,,2019,,11.009,,,,,,,,,,,,0,,1,
DATAFLOW,OECD.ELS.HD:DSD_SHA@DF_SHA(1.0),,I,CAN,,A,,EXP_HEALTH,,PT_B1GQ,,_T,,_Z,,_T,,_T,,_T,,_Z,,_Z,,_Z,,2020,,13.035,,,,,,D,,,,,,0,,1,
DATAFLOW,OECD.ELS.HD:DSD_SHA@DF_SHA(1.0),,I,CAN,,A,,EXP_HEALTH,,PT_B1GQ,,_T,,_Z,,_T,,_T,,_T,,_Z,,_Z,,_Z,,2021,,12.334,,,,,,D,,P,,,,0,,1,
DATAFLOW,OECD.ELS.HD:DSD_SHA@DF_SHA(1.0),,I,CAN,,A,,EXP_HEALTH,,PT_B1GQ,,_T,,_Z,,_T,,_T,,_T,,_Z,,_Z,,_Z,,2022,,11.155,,,,,,D,,P,,,,0,,1,
DATAFLOW,OECD.ELS.HD:DSD_SHA@DF_SHA(1.0),,I,DNK,,A,,EXP_HEALTH,,PT_B1GQ,,_T,,_Z,,_T,,_T,,_T,,_Z,,_Z,,_Z,,2015,,10.328,,,,,,,,,,,,0,,1,
DATAFLOW,OECD.ELS.HD:DSD_SHA@DF_SHA(1.0),,I,DNK,,A,,EXP_HEALTH,,PT_B1GQ,,_T,,_Z,,_T,,_T,,_T,,_Z,,_Z,,_Z,,2016,,10.237,,,,,,,,,,,,0,,1,
DATAFLOW,OECD.ELS.HD:DSD_SHA@DF_SHA(1.0),,I,DNK,,A,,EXP_HEALTH,,PT_B1GQ,,_T,,_Z,,_T,,_T,,_T,,_Z,,_Z,,_Z,,2017,,10.098,,,,,,,,,,,,0,,1,
DATAFLOW,OECD.ELS.HD:DSD_SHA@DF_SHA(1.0),,I,DNK,,A,,EXP_HEALTH,,PT_B1GQ,,_T,,_Z,,_T,,_T,,_T,,_Z,,_Z,,_Z,,2018,,10.098,,,,,,,,,,,,0,,1,
DATAFLOW,OECD.ELS.HD:DSD_SHA@DF_SHA(1.0),,I,DNK,,A,,EXP_HEALTH,,PT_B1GQ,,_T,,_Z,,_T,,_T,,_T,,_Z,,_Z,,_Z,,2019,,10.152,,,,,,,,,,,,0,,1,
DATAFLOW,OECD.ELS.HD:DSD_SHA@DF_SHA(1.0),,I,DNK,,A,,EXP_HEALTH,,PT_B1GQ,,_T,,_Z,,_T,,_T,,_T,,_Z,,_Z,,_Z,,2020,,10.56,,,,,,,,,,,,0,,1,
DATAFLOW,OECD.ELS.HD:DSD_SHA@DF_SHA(1.0),,I,DNK,,A,,EXP_HEALTH,,PT_B1GQ,,_T,,_Z,,_T,,_T,,_T,,_Z,,_Z,,_Z,,2021,,10.824,,,,,,,,,,,,0,,1,
DATAFLOW,OECD.ELS.HD:DSD_SHA@DF_SHA(1.0),,I,DNK,,A,,EXP_HEALTH,,PT_B1GQ,,_T,,_Z,,_T,,_T,,_T,,_Z,,_Z,,_Z,,2022,,9.497,,,,,,P,,,,,,0,,1,
DATAFLOW,OECD.ELS.HD:DSD_SHA@DF_SHA(1.0),,I,BRA,,A,,EXP_HEALTH,,PT_B1GQ,,_T,,_Z,,_T,,_T,,_T,,_Z,,_Z,,_Z,,2015,,8.909,,,,,,,,,,,,0,,1,
DATAFLOW,OECD.ELS.HD:DSD_SHA@DF_SHA(1.0),,I,BRA,,A,,EXP_HEALTH,,PT_B1GQ,,_T,,_Z,,_T,,_T,,_T,,_Z,,_Z,,_Z,,2016,,9.169,,,,,,,,,,,,0,,1,
DATAFLOW,OECD.ELS.HD:DSD_SHA@DF_SHA(1.0),,I,BRA,,A,,EXP_HEALTH,,PT_B1GQ,,_T,,_Z,,_T,,_T,,_T,,_Z,,_Z,,_Z,,2017,,9.471,,,,,,,,,,,,0,,1,
DATAFLOW,OECD.ELS.HD:DSD_SHA@DF_SHA(1.0),,I,BRA,,A,,EXP_HEALTH,,PT_B1GQ,,_T,,_Z,,_T,,_T,,_T,,_Z,,_Z,,_Z,,2018,,9.465,,,,,,,,,,,,0,,1,
DATAFLOW,OECD.ELS.HD:DSD_SHA@DF_SHA(1.0),,I,BRA,,A,,EXP_HEALTH,,PT_B1GQ,,_T,,_Z,,_T,,_T,,_T,,_Z,,_Z,,_Z,,2019,,9.614,,,,,,,,,,,,0,,1,
DATAFLOW,OECD.ELS.HD:DSD_SHA@DF_SHA(1.0),,I,BRA,,A,,EXP_HEALTH,,PT_B1GQ,,_T,,_Z,,_T,,_T,,_T,,_Z,,_Z,,_Z,,2020,,10.12,,,,,,,,,,,,0,,1,
DATAFLOW,OECD.ELS.HD:DSD_SHA@DF_SHA(1.0),,I,ITA,,A,,EXP_HEALTH,,PT_B1GQ,,_T,,_Z,,_T,,_T,,_T,,_Z,,_Z,,_Z,,2015,,8.857,,,,,,,,,,,,0,,1,
DATAFLOW,OECD.ELS.HD:DSD_SHA@DF_SHA(1.0),,I,ITA,,A,,EXP_HEALTH,,PT_B1GQ,,_T,,_Z,,_T,,_T,,_T,,_Z,,_Z,,_Z,,2016,,8.725,,,,,,,,,,,,0,,1,
DATAFLOW,OECD.ELS.HD:DSD_SHA@DF_SHA(1.0),,I,ITA,,A,,EXP_HEALTH,,PT_B1GQ,,_T,,_Z,,_T,,_T,,_T,,_Z,,_Z,,_Z,,2017,,8.678,,,,,,,,,,,,0,,1,
DATAFLOW,OECD.ELS.HD:DSD_SHA@DF_SHA(1.0),,I,ITA,,A,,EXP_HEALTH,,PT_B1GQ,,_T,,_Z,,_T,,_T,,_T,,_Z,,_Z,,_Z,,2018,,8.682,,,,,,,,,,,,0,,1,
DATAFLOW,OECD.ELS.HD:DSD_SHA@DF_SHA(1.0),,I,ITA,,A,,EXP_HEALTH,,PT_B1GQ,,_T,,_Z,,_T,,_T,,_T,,_Z,,_Z,,_Z,,2019,,8.656,,,,,,,,,,,,0,,1,
DATAFLOW,OECD.ELS.HD:DSD_SHA@DF_SHA(1.0),,I,ITA,,A,,EXP_HEALTH,,PT_B1GQ,,_T,,_Z,,_T,,_T,,_T,,_Z,,_Z,,_Z,,2020,,9.625,,,,,,,,,,,,0,,1,
DATAFLOW,OECD.ELS.HD:DSD_SHA@DF_SHA(1.0),,I,ITA,,A,,EXP_HEALTH,,PT_B1GQ,,_T,,_Z,,_T,,_T,,_T,,_Z,,_Z,,_Z,,2021,,9.384,,,,,,,,,,,,0,,1,
DATAFLOW,OECD.ELS.HD:DSD_SHA@DF_SHA(1.0),,I,ITA,,A,,EXP_HEALTH,,PT_B1GQ,,_T,,_Z,,_T,,_T,,_T,,_Z,,_Z,,_Z,,2022,,9.002,,,,,,P,,,,,,0,,1,
DATAFLOW,OECD.ELS.HD:DSD_SHA@DF_SHA(1.0),,I,AUS,,A,,EXP_HEALTH,,PT_B1GQ,,_T,,_Z,,_T,,_T,,_T,,_Z,,_Z,,_Z,,2015,,10.182,,,,,,,,,,,,0,,1,
DATAFLOW,OECD.ELS.HD:DSD_SHA@DF_SHA(1.0),,I,AUS,,A,,EXP_HEALTH,,PT_B1GQ,,_T,,_Z,,_T,,_T,,_T,,_Z,,_Z,,_Z,,2016,,10.093,,,,,,,,,,,,0,,1,
DATAFLOW,OECD.ELS.HD:DSD_SHA@DF_SHA(1.0),,I,AUS,,A,,EXP_HEALTH,,PT_B1GQ,,_T,,_Z,,_T,,_T,,_T,,_Z,,_Z,,_Z,,2017,,10.123,,,,,,,,,,,,0,,1,
DATAFLOW,OECD.ELS.HD:DSD_SHA@DF_SHA(1.0),,I,AUS,,A,,EXP_HEALTH,,PT_B1GQ,,_T,,_Z,,_T,,_T,,_T,,_Z,,_Z,,_Z,,2018,,10.06,,,,,,,,,,,,0,,1,
DATAFLOW,OECD.ELS.HD:DSD_SHA@DF_SHA(1.0),,I,AUS,,A,,EXP_HEALTH,,PT_B1GQ,,_T,,_Z,,_T,,_T,,_T,,_Z,,_Z,,_Z,,2019,,10.22,,,,,,,,,,,,0,,1,
DATAFLOW,OECD.ELS.HD:DSD_SHA@DF_SHA(1.0),,I,AUS,,A,,EXP_HEALTH,,PT_B1GQ,,_T,,_Z,,_T,,_T,,_T,,_Z,,_Z,,_Z,,2020,,10.684,,,,,,,,,,,,0,,1,
DATAFLOW,OECD.ELS.HD:DSD_SHA@DF_SHA(1.0),,I,AUS,,A,,EXP_HEALTH,,PT_B1GQ,,_T,,_Z,,_T,,_T,,_T,,_Z,,_Z,,_Z,,2021,,10.59,,,,,,E,,,,,,0,,1,
DATAFLOW,OECD.ELS.HD:DSD_SHA@DF_SHA(1.0),,I,AUS,,A,,EXP_HEALTH,,PT_B1GQ,,_T,,_Z,,_T,,_T,,_T,,_Z,,_Z,,_Z,,2022,,9.646,,,,,,E,,,,,,0,,1,
DATAFLOW,OECD.ELS.HD:DSD_SHA@DF_SHA(1.0),,I,CZE,,A,,EXP_HEALTH,,PT_B1GQ,,_T,,_Z,,_T,,_T,,_T,,_Z,,_Z,,_Z,,2015,,7.369,,,,,,,,,,,,0,,1,
DATAFLOW,OECD.ELS.HD:DSD_SHA@DF_SHA(1.0),,I,CZE,,A,,EXP_HEALTH,,PT_B1GQ,,_T,,_Z,,_T,,_T,,_T,,_Z,,_Z,,_Z,,2016,,7.446,,,,,,,,,,,,0,,1,
DATAFLOW,OECD.ELS.HD:DSD_SHA@DF_SHA(1.0),,I,CZE,,A,,EXP_HEALTH,,PT_B1GQ,,_T,,_Z,,_T,,_T,,_T,,_Z,,_Z,,_Z,,2017,,7.381,,,,,,,,,,,,0,,1,
DATAFLOW,OECD.ELS.HD:DSD_SHA@DF_SHA(1.0),,I,CZE,,A,,EXP_HEALTH,,PT_B1GQ,,_T,,_Z,,_T,,_T,,_T,,_Z,,_Z,,_Z,,2018,,7.47,,,,,,,,,,,,0,,1,
DATAFLOW,OECD.ELS.HD:DSD_SHA@DF_SHA(1.0),,I,CZE,,A,,EXP_HEALTH,,PT_B1GQ,,_T,,_Z,,_T,,_T,,_T,,_Z,,_Z,,_Z,,2019,,7.603,,,,,,,,,,,,0,,1,
DATAFLOW,OECD.ELS.HD:DSD_SHA@DF_SHA(1.0),,I,CZE,,A,,EXP_HEALTH,,PT_B1GQ,,_T,,_Z,,_T,,_T,,_T,,_Z,,_Z,,_Z,,2020,,9.214,,,,,,,,,,,,0,,1,
DATAFLOW,OECD.ELS.HD:DSD_SHA@DF_SHA(1.0),,I,CZE,,A,,EXP_HEALTH,,PT_B1GQ,,_T,,_Z,,_T,,_T,,_T,,_Z,,_Z,,_Z,,2021,,9.489,,,,,,,,,,,,0,,1,
DATAFLOW,OECD.ELS.HD:DSD_SHA@DF_SHA(1.0),,I,CZE,,A,,EXP_HEALTH,,PT_B1GQ,,_T,,_Z,,_T,,_T,,_T,,_Z,,_Z,,_Z,,2022,,9.088,,,,,,E,,,,,,0,,1,
DATAFLOW,OECD.ELS.HD:DSD_SHA@DF_SHA(1.0),,I,ISR,,A,,EXP_HEALTH,,PT_B1GQ,,_T,,_Z,,_T,,_T,,_T,,_Z,,_Z,,_Z,,2015,,7.022,,,,,,,,,,,,0,,1,
DATAFLOW,OECD.ELS.HD:DSD_SHA@DF_SHA(1.0),,I,ISR,,A,,EXP_HEALTH,,PT_B1GQ,,_T,,_Z,,_T,,_T,,_T,,_Z,,_Z,,_Z,,2016,,7.096,,,,,,,,,,,,0,,1,
DATAFLOW,OECD.ELS.HD:DSD_SHA@DF_SHA(1.0),,I,ISR,,A,,EXP_HEALTH,,PT_B1GQ,,_T,,_Z,,_T,,_T,,_T,,_Z,,_Z,,_Z,,2017,,7.176,,,,,,,,,,,,0,,1,
DATAFLOW,OECD.ELS.HD:DSD_SHA@DF_SHA(1.0),,I,ISR,,A,,EXP_HEALTH,,PT_B1GQ,,_T,,_Z,,_T,,_T,,_T,,_Z,,_Z,,_Z,,2018,,7.228,,,,,,,,,,,,0,,1,
DATAFLOW,OECD.ELS.HD:DSD_SHA@DF_SHA(1.0),,I,ISR,,A,,EXP_HEALTH,,PT_B1GQ,,_T,,_Z,,_T,,_T,,_T,,_Z,,_Z,,_Z,,2019,,7.174,,,,,,,,,,,,0,,1,
DATAFLOW,OECD.ELS.HD:DSD_SHA@DF_SHA(1.0),,I,ISR,,A,,EXP_HEALTH,,PT_B1GQ,,_T,,_Z,,_T,,_T,,_T,,_Z,,_Z,,_Z,,2020,,7.707,,,,,,P,,,,,,0,,1,
DATAFLOW,OECD.ELS.HD:DSD_SHA@DF_SHA(1.0),,I,ISR,,A,,EXP_HEALTH,,PT_B1GQ,,_T,,_Z,,_T,,_T,,_T,,_Z,,_Z,,_Z,,2021,,7.905,,,,,,,,,,,,0,,1,
DATAFLOW,OECD.ELS.HD:DSD_SHA@DF_SHA(1.0),,I,ISR,,A,,EXP_HEALTH,,PT_B1GQ,,_T,,_Z,,_T,,_T,,_T,,_Z,,_Z,,_Z,,2022,,7.427,,,,,,E,,,,,,0,,1,
DATAFLOW,OECD.ELS.HD:DSD_SHA@DF_SHA(1.0),,I,IDN,,A,,EXP_HEALTH,,PT_B1GQ,,_T,,_Z,,_T,,_T,,_T,,_Z,,_Z,,_Z,,2015,,2.924,,,,,,,,,,,,0,,1,
DATAFLOW,OECD.ELS.HD:DSD_SHA@DF_SHA(1.0),,I,IDN,,A,,EXP_HEALTH,,PT_B1GQ,,_T,,_Z,,_T,,_T,,_T,,_Z,,_Z,,_Z,,2016,,3.021,,,,,,,,,,,,0,,1,
DATAFLOW,OECD.ELS.HD:DSD_SHA@DF_SHA(1.0),,I,IDN,,A,,EXP_HEALTH,,PT_B1GQ,,_T,,_Z,,_T,,_T,,_T,,_Z,,_Z,,_Z,,2017,,2.904,,,,,,,,,,,,0,,1,
DATAFLOW,OECD.ELS.HD:DSD_SHA@DF_SHA(1.0),,I,IDN,,A,,EXP_HEALTH,,PT_B1GQ,,_T,,_Z,,_T,,_T,,_T,,_Z,,_Z,,_Z,,2018,,2.868,,,,,,,,,,,,0,,1,
DATAFLOW,OECD.ELS.HD:DSD_SHA@DF_SHA(1.0),,I,IDN,,A,,EXP_HEALTH,,PT_B1GQ,,_T,,_Z,,_T,,_T,,_T,,_Z,,_Z,,_Z,,2019,,2.905,,,,,,,,,,,,0,,1,
DATAFLOW,OECD.ELS.HD:DSD_SHA@DF_SHA(1.0),,I,IDN,,A,,EXP_HEALTH,,PT_B1GQ,,_T,,_Z,,_T,,_T,,_T,,_Z,,_Z,,_Z,,2020,,3.413,,,,,,,,,,,,0,,1,
DATAFLOW,OECD.ELS.HD:DSD_SHA@DF_SHA(1.0),,I,FRA,,A,,EXP_HEALTH,,PT_B1GQ,,_T,,_Z,,_T,,_T,,_T,,_Z,,_Z,,_Z,,2015,,11.448,,,,,,,,,,,,0,,1,
DATAFLOW,OECD.ELS.HD:DSD_SHA@DF_SHA(1.0),,I,FRA,,A,,EXP_HEALTH,,PT_B1GQ,,_T,,_Z,,_T,,_T,,_T,,_Z,,_Z,,_Z,,2016,,11.471,,,,,,,,,,,,0,,1,
DATAFLOW,OECD.ELS.HD:DSD_SHA@DF_SHA(1.0),,I,FRA,,A,,EXP_HEALTH,,PT_B1GQ,,_T,,_Z,,_T,,_T,,_T,,_Z,,_Z,,_Z,,2017,,11.355,,,,,,,,,,,,0,,1,
DATAFLOW,OECD.ELS.HD:DSD_SHA@DF_SHA(1.0),,I,FRA,,A,,EXP_HEALTH,,PT_B1GQ,,_T,,_Z,,_T,,_T,,_T,,_Z,,_Z,,_Z,,2018,,11.208,,,,,,,,,,,,0,,1,
DATAFLOW,OECD.ELS.HD:DSD_SHA@DF_SHA(1.0),,I,FRA,,A,,EXP_HEALTH,,PT_B1GQ,,_T,,_Z,,_T,,_T,,_T,,_Z,,_Z,,_Z,,2019,,11.089,,,,,,,,,,,,0,,1,
DATAFLOW,OECD.ELS.HD:DSD_SHA@DF_SHA(1.0),,I,FRA,,A,,EXP_HEALTH,,PT_B1GQ,,_T,,_Z,,_T,,_T,,_T,,_Z,,_Z,,_Z,,2020,,12.131,,,,,,,,,,,,0,,1,
DATAFLOW,OECD.ELS.HD:DSD_SHA@DF_SHA(1.0),,I,FRA,,A,,EXP_HEALTH,,PT_B1GQ,,_T,,_Z,,_T,,_T,,_T,,_Z,,_Z,,_Z,,2021,,12.308,,,,,,,,,,,,0,,1,
DATAFLOW,OECD.ELS.HD:DSD_SHA@DF_SHA(1.0),,I,FRA,,A,,EXP_HEALTH,,PT_B1GQ,,_T,,_Z,,_T,,_T,,_T,,_Z,,_Z,,_Z,,2022,,12.102,,,,,,E,,,,,,0,,1,
DATAFLOW,OECD.ELS.HD:DSD_SHA@DF_SHA(1.0),,I,IRL,,A,,EXP_HEALTH,,PT_B1GQ,,_T,,_Z,,_T,,_T,,_T,,_Z,,_Z,,_Z,,2015,,7.336,,,,,,,,,,,,0,,1,
DATAFLOW,OECD.ELS.HD:DSD_SHA@DF_SHA(1.0),,I,IRL,,A,,EXP_HEALTH,,PT_B1GQ,,_T,,_Z,,_T,,_T,,_T,,_Z,,_Z,,_Z,,2016,,7.469,,,,,,,,,,,,0,,1,
DATAFLOW,OECD.ELS.HD:DSD_SHA@DF_SHA(1.0),,I,IRL,,A,,EXP_HEALTH,,PT_B1GQ,,_T,,_Z,,_T,,_T,,_T,,_Z,,_Z,,_Z,,2017,,7.125,,,,,,,,,,,,0,,1,
DATAFLOW,OECD.ELS.HD:DSD_SHA@DF_SHA(1.0),,I,IRL,,A,,EXP_HEALTH,,PT_B1GQ,,_T,,_Z,,_T,,_T,,_T,,_Z,,_Z,,_Z,,2018,,6.876,,,,,,,,,,,,0,,1,
DATAFLOW,OECD.ELS.HD:DSD_SHA@DF_SHA(1.0),,I,IRL,,A,,EXP_HEALTH,,PT_B1GQ,,_T,,_Z,,_T,,_T,,_T,,_Z,,_Z,,_Z,,2019,,6.709,,,,,,,,,,,,0,,1,
DATAFLOW,OECD.ELS.HD:DSD_SHA@DF_SHA(1.0),,I,IRL,,A,,EXP_HEALTH,,PT_B1GQ,,_T,,_Z,,_T,,_T,,_T,,_Z,,_Z,,_Z,,2020,,7.109,,,,,,,,,,,,0,,1,
DATAFLOW,OECD.ELS.HD:DSD_SHA@DF_SHA(1.0),,I,IRL,,A,,EXP_HEALTH,,PT_B1GQ,,_T,,_Z,,_T,,_T,,_T,,_Z,,_Z,,_Z,,2021,,6.717,,,,,,,,,,,,0,,1,
DATAFLOW,OECD.ELS.HD:DSD_SHA@DF_SHA(1.0),,I,IRL,,A,,EXP_HEALTH,,PT_B1GQ,,_T,,_Z,,_T,,_T,,_T,,_Z,,_Z,,_Z,,2022,,6.071,,,,,,P,,,,,,0,,1,
DATAFLOW,OECD.ELS.HD:DSD_SHA@DF_SHA(1.0),,I,HRV,,A,,EXP_HEALTH,,PT_B1GQ,,_T,,_Z,,_T,,_T,,_T,,_Z,,_Z,,_Z,,2015,,6.69,,,,,,,,,,,,0,,1,
DATAFLOW,OECD.ELS.HD:DSD_SHA@DF_SHA(1.0),,I,HRV,,A,,EXP_HEALTH,,PT_B1GQ,,_T,,_Z,,_T,,_T,,_T,,_Z,,_Z,,_Z,,2016,,6.725,,,,,,,,,,,,0,,1,
DATAFLOW,OECD.ELS.HD:DSD_SHA@DF_SHA(1.0),,I,HRV,,A,,EXP_HEALTH,,PT_B1GQ,,_T,,_Z,,_T,,_T,,_T,,_Z,,_Z,,_Z,,2017,,6.657,,,,,,,,,,,,0,,1,
DATAFLOW,OECD.ELS.HD:DSD_SHA@DF_SHA(1.0),,I,HRV,,A,,EXP_HEALTH,,PT_B1GQ,,_T,,_Z,,_T,,_T,,_T,,_Z,,_Z,,_Z,,2018,,6.75,,,,,,,,,,,,0,,1,
DATAFLOW,OECD.ELS.HD:DSD_SHA@DF_SHA(1.0),,I,HRV,,A,,EXP_HEALTH,,PT_B1GQ,,_T,,_Z,,_T,,_T,,_T,,_Z,,_Z,,_Z,,2019,,6.802,,,,,,,,,,,,0,,1,
DATAFLOW,OECD.ELS.HD:DSD_SHA@DF_SHA(1.0),,I,HRV,,A,,EXP_HEALTH,,PT_B1GQ,,_T,,_Z,,_T,,_T,,_T,,_Z,,_Z,,_Z,,2020,,7.729,,,,,,,,,,,,0,,1,
DATAFLOW,OECD.ELS.HD:DSD_SHA@DF_SHA(1.0),,I,HRV,,A,,EXP_HEALTH,,PT_B1GQ,,_T,,_Z,,_T,,_T,,_T,,_Z,,_Z,,_Z,,2021,,8.102,,,,,,,,,,,,0,,1,
DATAFLOW,OECD.ELS.HD:DSD_SHA@DF_SHA(1.0),,I,ROU,,A,,EXP_HEALTH,,PT_B1GQ,,_T,,_Z,,_T,,_T,,_T,,_Z,,_Z,,_Z,,2015,,4.943,,,,,,,,,,,,0,,1,
DATAFLOW,OECD.ELS.HD:DSD_SHA@DF_SHA(1.0),,I,ROU,,A,,EXP_HEALTH,,PT_B1GQ,,_T,,_Z,,_T,,_T,,_T,,_Z,,_Z,,_Z,,2016,,5.08,,,,,,,,,,,,0,,1,
DATAFLOW,OECD.ELS.HD:DSD_SHA@DF_SHA(1.0),,I,ROU,,A,,EXP_HEALTH,,PT_B1GQ,,_T,,_Z,,_T,,_T,,_T,,_Z,,_Z,,_Z,,2017,,5.189,,,,,,,,,,,,0,,1,
DATAFLOW,OECD.ELS.HD:DSD_SHA@DF_SHA(1.0),,I,ROU,,A,,EXP_HEALTH,,PT_B1GQ,,_T,,_Z,,_T,,_T,,_T,,_Z,,_Z,,_Z,,2018,,5.518,,,,,,,,,,,,0,,1,
DATAFLOW,OECD.ELS.HD:DSD_SHA@DF_SHA(1.0),,I,ROU,,A,,EXP_HEALTH,,PT_B1GQ,,_T,,_Z,,_T,,_T,,_T,,_Z,,_Z,,_Z,,2019,,5.714,,,,,,,,,,,,0,,1,
DATAFLOW,OECD.ELS.HD:DSD_SHA@DF_SHA(1.0),,I,ROU,,A,,EXP_HEALTH,,PT_B1GQ,,_T,,_Z,,_T,,_T,,_T,,_Z,,_Z,,_Z,,2020,,6.226,,,,,,,,,,,,0,,1,
DATAFLOW,OECD.ELS.HD:DSD_SHA@DF_SHA(1.0),,I,ROU,,A,,EXP_HEALTH,,PT_B1GQ,,_T,,_Z,,_T,,_T,,_T,,_Z,,_Z,,_Z,,2021,,6.479,,,,,,,,,,,,0,,1,
DATAFLOW,OECD.ELS.HD:DSD_SHA@DF_SHA(1.0),,I,CHN,,A,,EXP_HEALTH,,PT_B1GQ,,_T,,_Z,,_T,,_T,,_T,,_Z,,_Z,,_Z,,2015,,4.961,,,,,,,,,,,,0,,1,
DATAFLOW,OECD.ELS.HD:DSD_SHA@DF_SHA(1.0),,I,CHN,,A,,EXP_HEALTH,,PT_B1GQ,,_T,,_Z,,_T,,_T,,_T,,_Z,,_Z,,_Z,,2016,,4.977,,,,,,,,,,,,0,,1,
DATAFLOW,OECD.ELS.HD:DSD_SHA@DF_SHA(1.0),,I,CHN,,A,,EXP_HEALTH,,PT_B1GQ,,_T,,_Z,,_T,,_T,,_T,,_Z,,_Z,,_Z,,2017,,5.047,,,,,,,,,,,,0,,1,
DATAFLOW,OECD.ELS.HD:DSD_SHA@DF_SHA(1.0),,I,CHN,,A,,EXP_HEALTH,,PT_B1GQ,,_T,,_Z,,_T,,_T,,_T,,_Z,,_Z,,_Z,,2018,,5.148,,,,,,,,,,,,0,,1,
DATAFLOW,OECD.ELS.HD:DSD_SHA@DF_SHA(1.0),,I,CHN,,A,,EXP_HEALTH,,PT_B1GQ,,_T,,_Z,,_T,,_T,,_T,,_Z,,_Z,,_Z,,2019,,5.373,,,,,,,,,,,,0,,1,
DATAFLOW,OECD.ELS.HD:DSD_SHA@DF_SHA(1.0),,I,CHN,,A,,EXP_HEALTH,,PT_B1GQ,,_T,,_Z,,_T,,_T,,_T,,_Z,,_Z,,_Z,,2020,,5.66,,,,,,,,,,,,0,,1,
DATAFLOW,OECD.ELS.HD:DSD_SHA@DF_SHA(1.0),,I,TUR,,A,,EXP_HEALTH,,PT_B1GQ,,_T,,_Z,,_T,,_T,,_T,,_Z,,_Z,,_Z,,2015,,4.117,,,,,,,,,,,,0,,1,
DATAFLOW,OECD.ELS.HD:DSD_SHA@DF_SHA(1.0),,I,TUR,,A,,EXP_HEALTH,,PT_B1GQ,,_T,,_Z,,_T,,_T,,_T,,_Z,,_Z,,_Z,,2016,,4.285,,,,,,,,,,,,0,,1,
DATAFLOW,OECD.ELS.HD:DSD_SHA@DF_SHA(1.0),,I,TUR,,A,,EXP_HEALTH,,PT_B1GQ,,_T,,_Z,,_T,,_T,,_T,,_Z,,_Z,,_Z,,2017,,4.18,,,,,,,,,,,,0,,1,
DATAFLOW,OECD.ELS.HD:DSD_SHA@DF_SHA(1.0),,I,TUR,,A,,EXP_HEALTH,,PT_B1GQ,,_T,,_Z,,_T,,_T,,_T,,_Z,,_Z,,_Z,,2018,,4.124,,,,,,,,,,,,0,,1,
DATAFLOW,OECD.ELS.HD:DSD_SHA@DF_SHA(1.0),,I,TUR,,A,,EXP_HEALTH,,PT_B1GQ,,_T,,_Z,,_T,,_T,,_T,,_Z,,_Z,,_Z,,2019,,4.366,,,,,,,,,,,,0,,1,
DATAFLOW,OECD.ELS.HD:DSD_SHA@DF_SHA(1.0),,I,TUR,,A,,EXP_HEALTH,,PT_B1GQ,,_T,,_Z,,_T,,_T,,_T,,_Z,,_Z,,_Z,,2020,,4.617,,,,,,,,,,,,0,,1,
DATAFLOW,OECD.ELS.HD:DSD_SHA@DF_SHA(1.0),,I,TUR,,A,,EXP_HEALTH,,PT_B1GQ,,_T,,_Z,,_T,,_T,,_T,,_Z,,_Z,,_Z,,2021,,4.565,,,,,,,,,,,,0,,1,
DATAFLOW,OECD.ELS.HD:DSD_SHA@DF_SHA(1.0),,I,TUR,,A,,EXP_HEALTH,,PT_B1GQ,,_T,,_Z,,_T,,_T,,_T,,_Z,,_Z,,_Z,,2022,,4.276,,,,,,E,,,,,,0,,1,
